film_id,metodo,precisao_proxy_5,jaccard_5
0,tfidf_sinopse,1.0,0.39999999999999997
1,tfidf_sinopse,1.0,0.5
2,tfidf_sinopse,1.0,0.45
3,tfidf_sinopse,1.0,0.5666666666666667
4,tfidf_sinopse,0.6,0.2833333333333333
5,tfidf_sinopse,1.0,0.7
6,tfidf_sinopse,1.0,0.4333333333333333
7,tfidf_sinopse,1.0,0.32999999999999996
8,tfidf_sinopse,0.2,0.04
9,tfidf_sinopse,1.0,0.3333333333333333
10,tfidf_sinopse,1.0,0.42000000000000004
11,tfidf_sinopse,1.0,0.4
12,tfidf_sinopse,0.0,0.0
13,tfidf_sinopse,0.8,0.54
14,tfidf_sinopse,0.0,0.0
15,tfidf_sinopse,1.0,0.5233333333333333
16,tfidf_sinopse,0.8,0.6333333333333333
17,tfidf_sinopse,0.8,0.4333333333333333
18,tfidf_sinopse,1.0,0.24666666666666665
19,tfidf_sinopse,0.6,0.21666666666666665
20,tfidf_sinopse,0.8,0.7
21,tfidf_sinopse,0.8,0.33999999999999997
22,tfidf_sinopse,0.8,0.2833333333333333
23,tfidf_sinopse,0.8,0.27999999999999997
24,tfidf_sinopse,0.6,0.31666666666666665
25,tfidf_sinopse,1.0,0.42333333333333334
26,tfidf_sinopse,0.8,0.24
27,tfidf_sinopse,0.8,0.33999999999999997
28,tfidf_sinopse,1.0,0.44000000000000006
29,tfidf_sinopse,0.6,0.5
30,tfidf_sinopse,0.6,0.19
31,tfidf_sinopse,1.0,0.33999999999999997
32,tfidf_sinopse,1.0,0.3466666666666666
33,tfidf_sinopse,0.6,0.13
34,tfidf_sinopse,0.6,0.31666666666666665
35,tfidf_sinopse,1.0,0.23666666666666666
36,tfidf_sinopse,1.0,0.27
37,tfidf_sinopse,1.0,0.45
38,tfidf_sinopse,1.0,0.2
39,tfidf_sinopse,1.0,0.49000000000000005
40,tfidf_sinopse,0.8,0.39999999999999997
41,tfidf_sinopse,0.8,0.44000000000000006
42,tfidf_sinopse,0.8,0.41666666666666663
43,tfidf_sinopse,1.0,0.30666666666666664
44,tfidf_sinopse,0.6,0.3
45,tfidf_sinopse,0.8,0.3833333333333333
46,tfidf_sinopse,1.0,0.32
47,tfidf_sinopse,0.8,0.3833333333333333
48,tfidf_sinopse,0.0,0.0
49,tfidf_sinopse,0.8,0.29
50,tfidf_sinopse,0.6,0.21333333333333332
51,tfidf_sinopse,1.0,0.38
52,tfidf_sinopse,1.0,0.5066666666666666
53,tfidf_sinopse,0.6,0.3333333333333333
54,tfidf_sinopse,1.0,0.26
55,tfidf_sinopse,1.0,0.25999999999999995
56,tfidf_sinopse,0.8,0.26666666666666666
57,tfidf_sinopse,1.0,0.29
58,tfidf_sinopse,0.8,0.44000000000000006
59,tfidf_sinopse,1.0,0.38
60,tfidf_sinopse,0.4,0.3
61,tfidf_sinopse,0.4,0.13999999999999999
62,tfidf_sinopse,0.4,0.1
63,tfidf_sinopse,0.8,0.4333333333333333
64,tfidf_sinopse,1.0,0.41666666666666663
65,tfidf_sinopse,1.0,0.3833333333333333
66,tfidf_sinopse,0.6,0.24
67,tfidf_sinopse,1.0,0.26
68,tfidf_sinopse,1.0,0.31333333333333335
69,tfidf_sinopse,0.6,0.25
70,tfidf_sinopse,0.2,0.1
71,tfidf_sinopse,1.0,0.5166666666666667
72,tfidf_sinopse,0.2,0.2
73,tfidf_sinopse,0.8,0.3333333333333333
74,tfidf_sinopse,1.0,0.31999999999999995
75,tfidf_sinopse,0.2,0.05
76,tfidf_sinopse,0.8,0.26666666666666666
77,tfidf_sinopse,0.8,0.32999999999999996
78,tfidf_sinopse,0.0,0.0
79,tfidf_sinopse,0.8,0.49000000000000005
80,tfidf_sinopse,1.0,0.41666666666666663
81,tfidf_sinopse,0.4,0.26666666666666666
82,tfidf_sinopse,0.6,0.16666666666666666
83,tfidf_sinopse,1.0,0.22666666666666666
84,tfidf_sinopse,0.6,0.12000000000000002
85,tfidf_sinopse,1.0,0.27999999999999997
86,tfidf_sinopse,1.0,0.42333333333333334
87,tfidf_sinopse,0.6,0.3
88,tfidf_sinopse,1.0,0.6333333333333333
89,tfidf_sinopse,1.0,0.3666666666666666
90,tfidf_sinopse,1.0,0.2633333333333333
91,tfidf_sinopse,1.0,0.6
92,tfidf_sinopse,1.0,0.29999999999999993
93,tfidf_sinopse,1.0,0.38
94,tfidf_sinopse,1.0,0.4066666666666666
95,tfidf_sinopse,0.2,0.06666666666666667
96,tfidf_sinopse,0.6,0.15
97,tfidf_sinopse,0.6,0.2
98,tfidf_sinopse,0.8,0.3333333333333333
99,tfidf_sinopse,1.0,0.3333333333333333
100,tfidf_sinopse,1.0,0.27999999999999997
101,tfidf_sinopse,0.6,0.44000000000000006
102,tfidf_sinopse,0.8,0.38
103,tfidf_sinopse,1.0,0.7
104,tfidf_sinopse,0.8,0.5833333333333333
105,tfidf_sinopse,0.8,0.3133333333333333
106,tfidf_sinopse,0.6,0.19
107,tfidf_sinopse,0.8,0.29
108,tfidf_sinopse,1.0,0.45
109,tfidf_sinopse,0.6,0.5
110,tfidf_sinopse,1.0,0.32999999999999996
111,tfidf_sinopse,1.0,0.5333333333333333
112,tfidf_sinopse,0.8,0.22000000000000003
113,tfidf_sinopse,0.8,0.16
114,tfidf_sinopse,0.4,0.1
115,tfidf_sinopse,0.2,0.1
116,tfidf_sinopse,1.0,0.32999999999999996
117,tfidf_sinopse,1.0,0.6333333333333333
118,tfidf_sinopse,0.2,0.1
119,tfidf_sinopse,0.8,0.22000000000000003
120,tfidf_sinopse,0.4,0.16666666666666666
121,tfidf_sinopse,1.0,0.6
122,tfidf_sinopse,0.6,0.26666666666666666
123,tfidf_sinopse,1.0,0.4
124,tfidf_sinopse,1.0,0.3833333333333333
125,tfidf_sinopse,0.8,0.5333333333333333
126,tfidf_sinopse,1.0,0.36666666666666664
127,tfidf_sinopse,1.0,0.44000000000000006
128,tfidf_sinopse,0.8,0.5999999999999999
129,tfidf_sinopse,1.0,0.4
130,tfidf_sinopse,0.8,0.3333333333333333
131,tfidf_sinopse,1.0,0.5
132,tfidf_sinopse,1.0,0.39
133,tfidf_sinopse,1.0,0.5
134,tfidf_sinopse,1.0,0.35
135,tfidf_sinopse,0.4,0.08
136,tfidf_sinopse,0.8,0.35
137,tfidf_sinopse,1.0,0.39
138,tfidf_sinopse,0.8,0.5666666666666667
139,tfidf_sinopse,1.0,0.2966666666666667
140,tfidf_sinopse,0.8,0.18
141,tfidf_sinopse,1.0,0.7666666666666667
142,tfidf_sinopse,0.4,0.08
143,tfidf_sinopse,0.8,0.33999999999999997
144,tfidf_sinopse,1.0,0.31999999999999995
145,tfidf_sinopse,0.2,0.05
146,tfidf_sinopse,0.4,0.09
147,tfidf_sinopse,0.8,0.33999999999999997
148,tfidf_sinopse,0.8,0.21999999999999997
149,tfidf_sinopse,0.6,0.3333333333333333
150,tfidf_sinopse,1.0,0.32999999999999996
151,tfidf_sinopse,0.8,0.39
152,tfidf_sinopse,1.0,0.22000000000000003
153,tfidf_sinopse,1.0,0.27999999999999997
154,tfidf_sinopse,0.8,0.29999999999999993
155,tfidf_sinopse,0.4,0.25
156,tfidf_sinopse,0.6,0.2333333333333333
157,tfidf_sinopse,0.8,0.31999999999999995
158,tfidf_sinopse,0.6,0.3
159,tfidf_sinopse,0.6,0.15
160,tfidf_sinopse,0.6,0.15666666666666668
161,tfidf_sinopse,0.8,0.16
162,tfidf_sinopse,1.0,0.26999999999999996
163,tfidf_sinopse,0.6,0.20666666666666664
164,tfidf_sinopse,1.0,0.6
165,tfidf_sinopse,0.8,0.3666666666666666
166,tfidf_sinopse,0.4,0.08
167,tfidf_sinopse,0.8,0.31666666666666665
168,tfidf_sinopse,0.2,0.2
169,tfidf_sinopse,1.0,0.4066666666666666
170,tfidf_sinopse,0.2,0.04
171,tfidf_sinopse,0.4,0.1
172,tfidf_sinopse,0.6,0.24
173,tfidf_sinopse,1.0,0.31333333333333335
174,tfidf_sinopse,0.8,0.2
175,tfidf_sinopse,0.8,0.29999999999999993
176,tfidf_sinopse,1.0,0.45666666666666667
177,tfidf_sinopse,0.2,0.04
178,tfidf_sinopse,0.4,0.09
179,tfidf_sinopse,1.0,0.32999999999999996
180,tfidf_sinopse,1.0,0.3833333333333333
181,tfidf_sinopse,0.8,0.30666666666666664
182,tfidf_sinopse,1.0,0.41666666666666663
183,tfidf_sinopse,0.6,0.24
184,tfidf_sinopse,0.8,0.26666666666666666
185,tfidf_sinopse,1.0,0.33999999999999997
186,tfidf_sinopse,1.0,0.38
187,tfidf_sinopse,0.4,0.26666666666666666
188,tfidf_sinopse,0.6,0.36666666666666664
189,tfidf_sinopse,0.8,0.17
190,tfidf_sinopse,0.8,0.3
191,tfidf_sinopse,0.8,0.25666666666666665
192,tfidf_sinopse,0.2,0.05
193,tfidf_sinopse,0.8,0.33999999999999997
194,tfidf_sinopse,0.4,0.08
195,tfidf_sinopse,0.8,0.26666666666666666
196,tfidf_sinopse,0.8,0.2333333333333333
197,tfidf_sinopse,1.0,0.2733333333333333
198,tfidf_sinopse,0.8,0.3333333333333333
199,tfidf_sinopse,0.8,0.19666666666666668
200,tfidf_sinopse,1.0,0.5333333333333334
201,tfidf_sinopse,1.0,0.33999999999999997
202,tfidf_sinopse,1.0,0.26999999999999996
203,tfidf_sinopse,0.8,0.2833333333333333
204,tfidf_sinopse,1.0,0.3966666666666666
205,tfidf_sinopse,0.4,0.08
206,tfidf_sinopse,0.6,0.3333333333333333
207,tfidf_sinopse,0.6,0.16666666666666666
208,tfidf_sinopse,0.8,0.24
209,tfidf_sinopse,0.2,0.04
210,tfidf_sinopse,0.8,0.2533333333333333
211,tfidf_sinopse,1.0,0.22999999999999998
212,tfidf_sinopse,1.0,0.54
213,tfidf_sinopse,0.2,0.04
214,tfidf_sinopse,1.0,0.35666666666666663
215,tfidf_sinopse,1.0,0.2633333333333333
216,tfidf_sinopse,1.0,0.29666666666666663
217,tfidf_sinopse,1.0,0.27999999999999997
218,tfidf_sinopse,0.8,0.22999999999999998
219,tfidf_sinopse,0.8,0.44000000000000006
220,tfidf_sinopse,0.4,0.1
221,tfidf_sinopse,1.0,0.3
222,tfidf_sinopse,0.8,0.25666666666666665
223,tfidf_sinopse,0.2,0.2
224,tfidf_sinopse,0.8,0.18666666666666668
225,tfidf_sinopse,0.8,0.3
226,tfidf_sinopse,1.0,0.38
227,tfidf_sinopse,0.8,0.26666666666666666
228,tfidf_sinopse,0.6,0.2333333333333333
229,tfidf_sinopse,0.8,0.24
230,tfidf_sinopse,0.4,0.3
231,tfidf_sinopse,0.8,0.18
232,tfidf_sinopse,0.8,0.37333333333333335
233,tfidf_sinopse,0.8,0.22333333333333333
234,tfidf_sinopse,0.8,0.3833333333333333
235,tfidf_sinopse,0.6,0.20666666666666664
236,tfidf_sinopse,0.8,0.25666666666666665
237,tfidf_sinopse,0.8,0.45
238,tfidf_sinopse,1.0,0.26
239,tfidf_sinopse,1.0,0.44666666666666666
240,tfidf_sinopse,1.0,0.24666666666666665
241,tfidf_sinopse,1.0,0.4800000000000001
242,tfidf_sinopse,1.0,0.25999999999999995
243,tfidf_sinopse,1.0,0.48
244,tfidf_sinopse,1.0,0.45
245,tfidf_sinopse,0.0,0.0
246,tfidf_sinopse,1.0,0.27999999999999997
247,tfidf_sinopse,1.0,0.21999999999999997
248,tfidf_sinopse,0.4,0.15
249,tfidf_sinopse,0.4,0.09
250,tfidf_sinopse,0.8,0.26666666666666666
251,tfidf_sinopse,0.4,0.13999999999999999
252,tfidf_sinopse,0.0,0.0
253,tfidf_sinopse,0.6,0.2333333333333333
254,tfidf_sinopse,1.0,0.39999999999999997
255,tfidf_sinopse,0.8,0.33999999999999997
256,tfidf_sinopse,1.0,0.31666666666666665
257,tfidf_sinopse,1.0,0.55
258,tfidf_sinopse,0.8,0.5166666666666666
259,tfidf_sinopse,0.8,0.4333333333333333
260,tfidf_sinopse,0.6,0.16666666666666666
261,tfidf_sinopse,0.8,0.44000000000000006
262,tfidf_sinopse,0.4,0.08
263,tfidf_sinopse,0.8,0.19666666666666668
264,tfidf_sinopse,1.0,0.32999999999999996
265,tfidf_sinopse,0.8,0.3133333333333333
266,tfidf_sinopse,1.0,0.3833333333333333
267,tfidf_sinopse,0.8,0.2333333333333333
268,tfidf_sinopse,1.0,0.4333333333333333
269,tfidf_sinopse,0.8,0.4333333333333333
270,tfidf_sinopse,0.8,0.27999999999999997
271,tfidf_sinopse,0.6,0.12000000000000002
272,tfidf_sinopse,1.0,0.3733333333333333
273,tfidf_sinopse,0.6,0.16666666666666666
274,tfidf_sinopse,0.4,0.16666666666666666
275,tfidf_sinopse,0.8,0.33999999999999997
276,tfidf_sinopse,1.0,0.31666666666666665
277,tfidf_sinopse,0.0,0.0
278,tfidf_sinopse,1.0,0.5
279,tfidf_sinopse,1.0,0.5499999999999999
280,tfidf_sinopse,1.0,0.5333333333333333
281,tfidf_sinopse,0.6,0.13
282,tfidf_sinopse,1.0,0.31666666666666665
283,tfidf_sinopse,1.0,0.27999999999999997
284,tfidf_sinopse,0.8,0.25
285,tfidf_sinopse,1.0,0.6333333333333333
286,tfidf_sinopse,1.0,0.33999999999999997
287,tfidf_sinopse,0.8,0.35
288,tfidf_sinopse,1.0,0.7
289,tfidf_sinopse,0.8,0.35
290,tfidf_sinopse,1.0,0.5800000000000001
291,tfidf_sinopse,0.8,0.21666666666666665
292,tfidf_sinopse,0.6,0.16666666666666666
293,tfidf_sinopse,0.8,0.17
294,tfidf_sinopse,1.0,0.31999999999999995
295,tfidf_sinopse,0.8,0.26666666666666666
296,tfidf_sinopse,1.0,0.41666666666666663
297,tfidf_sinopse,0.8,0.29999999999999993
298,tfidf_sinopse,0.4,0.08
299,tfidf_sinopse,1.0,0.5166666666666666
300,tfidf_sinopse,1.0,0.31999999999999995
301,tfidf_sinopse,1.0,0.2833333333333333
302,tfidf_sinopse,0.8,0.36666666666666664
303,tfidf_sinopse,0.4,0.11666666666666665
304,tfidf_sinopse,1.0,0.32999999999999996
305,tfidf_sinopse,1.0,0.2
306,tfidf_sinopse,1.0,0.21000000000000002
307,tfidf_sinopse,0.8,0.26666666666666666
308,tfidf_sinopse,1.0,0.39
309,tfidf_sinopse,0.4,0.15
310,tfidf_sinopse,0.8,0.3733333333333333
311,tfidf_sinopse,0.8,0.27999999999999997
312,tfidf_sinopse,1.0,0.5
313,tfidf_sinopse,1.0,0.3
314,tfidf_sinopse,1.0,0.27
315,tfidf_sinopse,1.0,0.36666666666666664
316,tfidf_sinopse,0.4,0.2
317,tfidf_sinopse,1.0,0.25999999999999995
318,tfidf_sinopse,0.8,0.2833333333333333
319,tfidf_sinopse,1.0,0.35
320,tfidf_sinopse,0.4,0.15
321,tfidf_sinopse,0.6,0.12000000000000002
322,tfidf_sinopse,0.8,0.4666666666666666
323,tfidf_sinopse,0.6,0.20666666666666664
324,tfidf_sinopse,1.0,0.3833333333333333
325,tfidf_sinopse,0.2,0.04
326,tfidf_sinopse,1.0,0.5233333333333333
327,tfidf_sinopse,1.0,0.3966666666666666
328,tfidf_sinopse,0.6,0.25
329,tfidf_sinopse,1.0,0.44000000000000006
330,tfidf_sinopse,0.2,0.04
331,tfidf_sinopse,1.0,0.35
332,tfidf_sinopse,1.0,0.38
333,tfidf_sinopse,0.6,0.21666666666666665
334,tfidf_sinopse,1.0,0.45666666666666667
335,tfidf_sinopse,0.8,0.3733333333333333
336,tfidf_sinopse,0.6,0.3333333333333333
337,tfidf_sinopse,0.8,0.27999999999999997
338,tfidf_sinopse,1.0,0.26
339,tfidf_sinopse,1.0,0.38
340,tfidf_sinopse,1.0,0.39
341,tfidf_sinopse,0.6,0.19
342,tfidf_sinopse,0.8,0.27999999999999997
343,tfidf_sinopse,1.0,0.39
344,tfidf_sinopse,1.0,0.25
345,tfidf_sinopse,0.8,0.47333333333333333
346,tfidf_sinopse,1.0,0.65
347,tfidf_sinopse,0.8,0.29999999999999993
348,tfidf_sinopse,0.6,0.18
349,tfidf_sinopse,1.0,0.36666666666666664
350,tfidf_sinopse,1.0,0.45
351,tfidf_sinopse,1.0,0.30666666666666664
352,tfidf_sinopse,1.0,0.5
353,tfidf_sinopse,1.0,0.3733333333333333
354,tfidf_sinopse,1.0,0.55
355,tfidf_sinopse,0.6,0.35
356,tfidf_sinopse,0.8,0.4833333333333333
357,tfidf_sinopse,0.8,0.25
358,tfidf_sinopse,1.0,0.32999999999999996
359,tfidf_sinopse,0.8,0.31666666666666665
360,tfidf_sinopse,1.0,0.3833333333333333
361,tfidf_sinopse,0.6,0.2
362,tfidf_sinopse,0.6,0.27999999999999997
363,tfidf_sinopse,0.8,0.2733333333333333
364,tfidf_sinopse,0.4,0.1
365,tfidf_sinopse,0.8,0.2833333333333333
366,tfidf_sinopse,0.8,0.16
367,tfidf_sinopse,0.4,0.10666666666666666
368,tfidf_sinopse,0.8,0.54
369,tfidf_sinopse,0.8,0.27999999999999997
370,tfidf_sinopse,1.0,0.6333333333333334
371,tfidf_sinopse,0.6,0.16666666666666666
372,tfidf_sinopse,0.8,0.3833333333333333
373,tfidf_sinopse,0.8,0.22999999999999998
374,tfidf_sinopse,1.0,0.3466666666666666
375,tfidf_sinopse,0.8,0.4
376,tfidf_sinopse,0.8,0.21999999999999997
377,tfidf_sinopse,1.0,0.2866666666666666
378,tfidf_sinopse,0.2,0.04
379,tfidf_sinopse,1.0,0.44666666666666666
380,tfidf_sinopse,0.8,0.3666666666666666
381,tfidf_sinopse,1.0,0.41666666666666663
382,tfidf_sinopse,1.0,0.29666666666666663
383,tfidf_sinopse,0.8,0.5
384,tfidf_sinopse,0.8,0.17
385,tfidf_sinopse,0.8,0.2333333333333333
386,tfidf_sinopse,0.4,0.08
387,tfidf_sinopse,0.8,0.3333333333333333
388,tfidf_sinopse,1.0,0.5
389,tfidf_sinopse,0.6,0.18
390,tfidf_sinopse,0.2,0.04
391,tfidf_sinopse,1.0,0.7333333333333333
392,tfidf_sinopse,0.8,0.45
393,tfidf_sinopse,0.6,0.19
394,tfidf_sinopse,0.8,0.22999999999999998
395,tfidf_sinopse,0.4,0.1
396,tfidf_sinopse,0.6,0.29
397,tfidf_sinopse,0.8,0.3
398,tfidf_sinopse,0.6,0.26666666666666666
399,tfidf_sinopse,0.2,0.1
400,tfidf_sinopse,1.0,0.3466666666666667
401,tfidf_sinopse,0.4,0.3
402,tfidf_sinopse,1.0,0.38
403,tfidf_sinopse,0.8,0.4833333333333333
404,tfidf_sinopse,1.0,0.6666666666666667
405,tfidf_sinopse,0.2,0.04
406,tfidf_sinopse,0.4,0.13999999999999999
407,tfidf_sinopse,0.8,0.16
408,tfidf_sinopse,1.0,0.39999999999999997
409,tfidf_sinopse,1.0,0.21000000000000002
410,tfidf_sinopse,0.6,0.3
411,tfidf_sinopse,0.6,0.15666666666666668
412,tfidf_sinopse,1.0,0.44000000000000006
413,tfidf_sinopse,1.0,0.45
414,tfidf_sinopse,0.4,0.26666666666666666
415,tfidf_sinopse,0.4,0.1
416,tfidf_sinopse,1.0,0.4
417,tfidf_sinopse,0.0,0.0
418,tfidf_sinopse,1.0,0.47333333333333333
419,tfidf_sinopse,0.0,0.0
420,tfidf_sinopse,0.4,0.11666666666666665
421,tfidf_sinopse,0.8,0.21666666666666665
422,tfidf_sinopse,0.8,0.18
423,tfidf_sinopse,0.6,0.2333333333333333
424,tfidf_sinopse,0.6,0.33999999999999997
425,tfidf_sinopse,0.4,0.15
426,tfidf_sinopse,1.0,0.26666666666666666
427,tfidf_sinopse,1.0,0.3833333333333333
428,tfidf_sinopse,1.0,0.6666666666666667
429,tfidf_sinopse,0.4,0.13999999999999999
430,tfidf_sinopse,1.0,0.37333333333333335
431,tfidf_sinopse,1.0,0.38
432,tfidf_sinopse,0.6,0.2
433,tfidf_sinopse,1.0,0.5666666666666667
434,tfidf_sinopse,0.6,0.15
435,tfidf_sinopse,1.0,0.5166666666666667
436,tfidf_sinopse,1.0,0.48
437,tfidf_sinopse,1.0,0.6066666666666667
438,tfidf_sinopse,0.8,0.29
439,tfidf_sinopse,0.8,0.26666666666666666
440,tfidf_sinopse,0.8,0.21666666666666665
441,tfidf_sinopse,0.4,0.09
442,tfidf_sinopse,0.8,0.31666666666666665
443,tfidf_sinopse,1.0,0.4666666666666666
444,tfidf_sinopse,0.6,0.2
445,tfidf_sinopse,1.0,0.38
446,tfidf_sinopse,0.2,0.05
447,tfidf_sinopse,1.0,0.4
448,tfidf_sinopse,1.0,0.35666666666666663
449,tfidf_sinopse,0.6,0.15
450,tfidf_sinopse,0.8,0.22999999999999998
451,tfidf_sinopse,0.8,0.19666666666666668
452,tfidf_sinopse,0.8,0.36666666666666664
453,tfidf_sinopse,1.0,0.31999999999999995
454,tfidf_sinopse,0.8,0.21999999999999997
455,tfidf_sinopse,0.4,0.09
456,tfidf_sinopse,0.6,0.2333333333333333
457,tfidf_sinopse,0.8,0.25
458,tfidf_sinopse,0.6,0.3
459,tfidf_sinopse,1.0,0.25
460,tfidf_sinopse,1.0,0.44000000000000006
461,tfidf_sinopse,1.0,0.41666666666666663
462,tfidf_sinopse,0.8,0.22999999999999998
463,tfidf_sinopse,0.6,0.36666666666666664
464,tfidf_sinopse,1.0,0.38999999999999996
465,tfidf_sinopse,1.0,0.3333333333333333
466,tfidf_sinopse,1.0,0.44000000000000006
467,tfidf_sinopse,1.0,0.55
468,tfidf_sinopse,1.0,0.6000000000000001
469,tfidf_sinopse,0.6,0.18
470,tfidf_sinopse,0.8,0.2733333333333333
471,tfidf_sinopse,0.8,0.31666666666666665
472,tfidf_sinopse,0.8,0.3466666666666666
473,tfidf_sinopse,0.4,0.13999999999999999
474,tfidf_sinopse,0.8,0.44000000000000006
475,tfidf_sinopse,1.0,0.36333333333333334
476,tfidf_sinopse,1.0,0.29999999999999993
477,tfidf_sinopse,0.6,0.25
478,tfidf_sinopse,0.8,0.8
479,tfidf_sinopse,0.4,0.13999999999999999
480,tfidf_sinopse,0.4,0.2
481,tfidf_sinopse,1.0,0.26999999999999996
482,tfidf_sinopse,0.0,0.0
483,tfidf_sinopse,1.0,0.4
484,tfidf_sinopse,0.8,0.25
485,tfidf_sinopse,0.8,0.6
486,tfidf_sinopse,0.8,0.24
487,tfidf_sinopse,0.8,0.17
488,tfidf_sinopse,0.8,0.17
489,tfidf_sinopse,0.8,0.31666666666666665
490,tfidf_sinopse,1.0,0.41666666666666663
491,tfidf_sinopse,1.0,0.6
492,tfidf_sinopse,1.0,0.4333333333333333
493,tfidf_sinopse,0.6,0.33999999999999997
494,tfidf_sinopse,0.8,0.35666666666666663
495,tfidf_sinopse,0.6,0.13999999999999999
496,tfidf_sinopse,1.0,0.31999999999999995
497,tfidf_sinopse,1.0,0.26999999999999996
498,tfidf_sinopse,1.0,0.32999999999999996
499,tfidf_sinopse,0.6,0.27999999999999997
500,tfidf_sinopse,1.0,0.31666666666666665
501,tfidf_sinopse,0.6,0.2333333333333333
502,tfidf_sinopse,0.4,0.13999999999999999
503,tfidf_sinopse,0.2,0.05
504,tfidf_sinopse,0.6,0.31666666666666665
505,tfidf_sinopse,1.0,0.42333333333333334
506,tfidf_sinopse,0.8,0.44000000000000006
507,tfidf_sinopse,0.6,0.12000000000000002
508,tfidf_sinopse,1.0,0.38999999999999996
509,tfidf_sinopse,0.6,0.22333333333333333
510,tfidf_sinopse,0.6,0.19
511,tfidf_sinopse,0.4,0.17333333333333334
512,tfidf_sinopse,0.6,0.13
513,tfidf_sinopse,0.8,0.18
514,tfidf_sinopse,1.0,0.3133333333333333
515,tfidf_sinopse,1.0,0.29
516,tfidf_sinopse,0.4,0.4
517,tfidf_sinopse,0.6,0.3333333333333333
518,tfidf_sinopse,0.8,0.16
519,tfidf_sinopse,0.8,0.2833333333333333
520,tfidf_sinopse,0.8,0.29
521,tfidf_sinopse,1.0,0.23666666666666666
522,tfidf_sinopse,0.2,0.04
523,tfidf_sinopse,0.8,0.4066666666666666
524,tfidf_sinopse,0.8,0.19666666666666668
525,tfidf_sinopse,0.8,0.2333333333333333
526,tfidf_sinopse,0.8,0.31666666666666665
527,tfidf_sinopse,1.0,0.42333333333333334
528,tfidf_sinopse,1.0,0.29999999999999993
529,tfidf_sinopse,0.6,0.21666666666666665
530,tfidf_sinopse,0.6,0.16666666666666666
531,tfidf_sinopse,0.6,0.15
532,tfidf_sinopse,0.2,0.04
533,tfidf_sinopse,1.0,0.35666666666666663
534,tfidf_sinopse,1.0,0.2633333333333333
535,tfidf_sinopse,0.4,0.13999999999999999
536,tfidf_sinopse,1.0,0.4066666666666666
537,tfidf_sinopse,1.0,0.30333333333333334
538,tfidf_sinopse,0.8,0.17
539,tfidf_sinopse,0.6,0.2333333333333333
540,tfidf_sinopse,0.4,0.15
541,tfidf_sinopse,1.0,0.6499999999999999
542,tfidf_sinopse,1.0,0.32
543,tfidf_sinopse,0.4,0.13999999999999999
544,tfidf_sinopse,0.0,0.0
545,tfidf_sinopse,0.6,0.45
546,tfidf_sinopse,1.0,0.5666666666666667
547,tfidf_sinopse,0.8,0.22999999999999998
548,tfidf_sinopse,0.8,0.2
549,tfidf_sinopse,1.0,0.32999999999999996
550,tfidf_sinopse,1.0,0.41666666666666663
551,tfidf_sinopse,1.0,0.2833333333333333
552,tfidf_sinopse,0.8,0.3
553,tfidf_sinopse,1.0,0.22666666666666666
554,tfidf_sinopse,0.8,0.5666666666666667
555,tfidf_sinopse,0.8,0.16
556,tfidf_sinopse,0.4,0.17333333333333334
557,tfidf_sinopse,0.8,0.29999999999999993
558,tfidf_sinopse,1.0,0.23666666666666666
559,tfidf_sinopse,0.6,0.12000000000000002
560,tfidf_sinopse,1.0,0.4133333333333333
561,tfidf_sinopse,0.8,0.25
562,tfidf_sinopse,0.4,0.2
563,tfidf_sinopse,0.8,0.3
564,tfidf_sinopse,0.4,0.08
565,tfidf_sinopse,0.4,0.09
566,tfidf_sinopse,0.2,0.04
567,tfidf_sinopse,0.4,0.1
568,tfidf_sinopse,0.4,0.1
569,tfidf_sinopse,1.0,0.2
570,tfidf_sinopse,0.8,0.22999999999999998
571,tfidf_sinopse,0.8,0.3833333333333333
572,tfidf_sinopse,1.0,0.4333333333333333
573,tfidf_sinopse,1.0,0.32999999999999996
574,tfidf_sinopse,1.0,0.4666666666666666
575,tfidf_sinopse,1.0,0.39
576,tfidf_sinopse,0.6,0.25
577,tfidf_sinopse,1.0,0.3233333333333333
578,tfidf_sinopse,0.6,0.18
579,tfidf_sinopse,0.8,0.24666666666666667
580,tfidf_sinopse,1.0,0.4666666666666666
581,tfidf_sinopse,1.0,0.5
582,tfidf_sinopse,0.6,0.19
583,tfidf_sinopse,0.4,0.13999999999999999
584,tfidf_sinopse,0.4,0.25
585,tfidf_sinopse,1.0,0.5166666666666667
586,tfidf_sinopse,0.4,0.08
587,tfidf_sinopse,1.0,0.32999999999999996
588,tfidf_sinopse,1.0,0.4333333333333333
589,tfidf_sinopse,0.8,0.4
590,tfidf_sinopse,1.0,0.6333333333333333
591,tfidf_sinopse,0.2,0.05
592,tfidf_sinopse,0.4,0.2
593,tfidf_sinopse,0.8,0.21333333333333332
594,tfidf_sinopse,0.8,0.3466666666666666
595,tfidf_sinopse,1.0,0.26
596,tfidf_sinopse,0.6,0.44000000000000006
597,tfidf_sinopse,0.8,0.26666666666666666
598,tfidf_sinopse,0.8,0.19666666666666668
599,tfidf_sinopse,0.4,0.24
600,tfidf_sinopse,0.8,0.29
601,tfidf_sinopse,0.8,0.39999999999999997
602,tfidf_sinopse,0.8,0.44000000000000006
603,tfidf_sinopse,0.8,0.39
604,tfidf_sinopse,0.8,0.16
605,tfidf_sinopse,1.0,0.54
606,tfidf_sinopse,1.0,0.2633333333333333
607,tfidf_sinopse,1.0,0.33999999999999997
608,tfidf_sinopse,0.6,0.13999999999999999
609,tfidf_sinopse,0.8,0.5166666666666666
610,tfidf_sinopse,1.0,0.21999999999999997
611,tfidf_sinopse,0.8,0.4733333333333333
612,tfidf_sinopse,0.6,0.18
613,tfidf_sinopse,0.8,0.3
614,tfidf_sinopse,0.8,0.21999999999999997
615,tfidf_sinopse,0.2,0.05
616,tfidf_sinopse,1.0,0.4133333333333334
617,tfidf_sinopse,0.8,0.24
618,tfidf_sinopse,0.6,0.3833333333333333
619,tfidf_sinopse,0.6,0.2
620,tfidf_sinopse,1.0,0.3466666666666666
621,tfidf_sinopse,0.8,0.41666666666666663
622,tfidf_sinopse,0.8,0.4333333333333333
623,tfidf_sinopse,0.2,0.1
624,tfidf_sinopse,1.0,0.31333333333333335
625,tfidf_sinopse,1.0,0.26999999999999996
626,tfidf_sinopse,0.8,0.4
627,tfidf_sinopse,0.6,0.12000000000000002
628,tfidf_sinopse,0.6,0.25
629,tfidf_sinopse,1.0,0.22000000000000003
630,tfidf_sinopse,1.0,0.38
631,tfidf_sinopse,0.8,0.5333333333333333
632,tfidf_sinopse,0.6,0.15666666666666665
633,tfidf_sinopse,1.0,0.27
634,tfidf_sinopse,0.4,0.08
635,tfidf_sinopse,1.0,0.29
636,tfidf_sinopse,0.8,0.4666666666666667
637,tfidf_sinopse,1.0,0.3333333333333333
638,tfidf_sinopse,1.0,0.29666666666666663
639,tfidf_sinopse,0.8,0.3
640,tfidf_sinopse,1.0,0.36333333333333334
641,tfidf_sinopse,1.0,0.27999999999999997
642,tfidf_sinopse,1.0,0.42000000000000004
643,tfidf_sinopse,0.8,0.17
644,tfidf_sinopse,0.6,0.3
645,tfidf_sinopse,0.6,0.18
646,tfidf_sinopse,1.0,0.5
647,tfidf_sinopse,1.0,0.3466666666666666
648,tfidf_sinopse,0.4,0.13999999999999999
649,tfidf_sinopse,1.0,0.32999999999999996
650,tfidf_sinopse,0.8,0.32999999999999996
651,tfidf_sinopse,0.4,0.13999999999999999
652,tfidf_sinopse,1.0,0.65
653,tfidf_sinopse,1.0,0.26999999999999996
654,tfidf_sinopse,1.0,0.3466666666666666
655,tfidf_sinopse,0.8,0.16
656,tfidf_sinopse,0.8,0.3333333333333333
657,tfidf_sinopse,1.0,0.3333333333333333
658,tfidf_sinopse,1.0,0.6333333333333334
659,tfidf_sinopse,0.6,0.19
660,tfidf_sinopse,1.0,0.43999999999999995
661,tfidf_sinopse,1.0,0.25
662,tfidf_sinopse,1.0,0.4
663,tfidf_sinopse,0.8,0.22999999999999998
664,tfidf_sinopse,1.0,0.3466666666666666
665,tfidf_sinopse,0.6,0.24
666,tfidf_sinopse,1.0,0.5733333333333334
667,tfidf_sinopse,0.8,0.3333333333333333
668,tfidf_sinopse,0.8,0.18
669,tfidf_sinopse,0.8,0.3833333333333333
670,tfidf_sinopse,1.0,0.3
671,tfidf_sinopse,0.6,0.2333333333333333
672,tfidf_sinopse,0.8,0.22999999999999998
673,tfidf_sinopse,1.0,0.27999999999999997
674,tfidf_sinopse,0.6,0.29
675,tfidf_sinopse,0.6,0.29
676,tfidf_sinopse,1.0,0.29666666666666663
677,tfidf_sinopse,0.8,0.29
678,tfidf_sinopse,0.0,0.0
679,tfidf_sinopse,0.6,0.36666666666666664
680,tfidf_sinopse,1.0,0.35
681,tfidf_sinopse,1.0,0.39
682,tfidf_sinopse,1.0,0.39999999999999997
683,tfidf_sinopse,1.0,0.4333333333333333
684,tfidf_sinopse,0.8,0.29
685,tfidf_sinopse,0.6,0.18
686,tfidf_sinopse,1.0,0.38
687,tfidf_sinopse,1.0,0.32999999999999996
688,tfidf_sinopse,0.6,0.16666666666666666
689,tfidf_sinopse,1.0,0.7
690,tfidf_sinopse,1.0,0.35
691,tfidf_sinopse,0.0,0.0
692,tfidf_sinopse,0.4,0.13999999999999999
693,tfidf_sinopse,0.8,0.19666666666666668
694,tfidf_sinopse,0.4,0.11666666666666665
695,tfidf_sinopse,1.0,0.26999999999999996
696,tfidf_sinopse,1.0,0.29666666666666663
697,tfidf_sinopse,0.8,0.16
698,tfidf_sinopse,0.0,0.0
699,tfidf_sinopse,0.8,0.7
700,tfidf_sinopse,0.0,0.0
701,tfidf_sinopse,1.0,0.35
702,tfidf_sinopse,0.2,0.05
703,tfidf_sinopse,0.6,0.18
704,tfidf_sinopse,0.6,0.19
705,tfidf_sinopse,1.0,0.44000000000000006
706,tfidf_sinopse,1.0,0.3333333333333333
707,tfidf_sinopse,0.2,0.06666666666666667
708,tfidf_sinopse,0.8,0.2333333333333333
709,tfidf_sinopse,1.0,0.27999999999999997
710,tfidf_sinopse,1.0,0.32999999999999996
711,tfidf_sinopse,0.2,0.05
712,tfidf_sinopse,0.2,0.05
713,tfidf_sinopse,0.8,0.18666666666666668
714,tfidf_sinopse,0.2,0.05
715,tfidf_sinopse,0.6,0.18
716,tfidf_sinopse,0.8,0.43999999999999995
717,tfidf_sinopse,0.2,0.04
718,tfidf_sinopse,0.8,0.42333333333333323
719,tfidf_sinopse,1.0,0.37
720,tfidf_sinopse,0.8,0.4666666666666666
721,tfidf_sinopse,1.0,0.31666666666666665
722,tfidf_sinopse,0.6,0.19
723,tfidf_sinopse,1.0,0.64
724,tfidf_sinopse,0.0,0.0
725,tfidf_sinopse,0.6,0.24
726,tfidf_sinopse,1.0,0.55
727,tfidf_sinopse,0.4,0.1
728,tfidf_sinopse,0.8,0.22999999999999998
729,tfidf_sinopse,0.6,0.25
730,tfidf_sinopse,0.4,0.13999999999999999
731,tfidf_sinopse,1.0,0.45
732,tfidf_sinopse,1.0,0.5166666666666666
733,tfidf_sinopse,0.8,0.2
734,tfidf_sinopse,1.0,0.5
735,tfidf_sinopse,0.8,0.2333333333333333
736,tfidf_sinopse,1.0,0.5666666666666667
737,tfidf_sinopse,0.2,0.04
738,tfidf_sinopse,0.6,0.18
739,tfidf_sinopse,0.8,0.17
740,tfidf_sinopse,0.6,0.13
741,tfidf_sinopse,1.0,0.5066666666666667
742,tfidf_sinopse,1.0,0.4333333333333333
743,tfidf_sinopse,0.6,0.29
744,tfidf_sinopse,0.6,0.4
745,tfidf_sinopse,0.8,0.17
746,tfidf_sinopse,0.8,0.39
747,tfidf_sinopse,0.8,0.3
748,tfidf_sinopse,0.8,0.26666666666666666
749,tfidf_sinopse,0.4,0.2
750,tfidf_sinopse,0.2,0.06666666666666667
751,tfidf_sinopse,0.8,0.38
752,tfidf_sinopse,1.0,0.3466666666666667
753,tfidf_sinopse,1.0,0.22000000000000003
754,tfidf_sinopse,0.8,0.47333333333333333
755,tfidf_sinopse,0.8,0.38
756,tfidf_sinopse,0.4,0.08
757,tfidf_sinopse,1.0,0.4833333333333333
758,tfidf_sinopse,0.6,0.13
759,tfidf_sinopse,0.8,0.25666666666666665
760,tfidf_sinopse,0.8,0.3333333333333333
761,tfidf_sinopse,0.8,0.2733333333333333
762,tfidf_sinopse,0.8,0.18666666666666668
763,tfidf_sinopse,1.0,0.41666666666666663
764,tfidf_sinopse,0.8,0.22999999999999998
765,tfidf_sinopse,1.0,0.6666666666666667
766,tfidf_sinopse,1.0,0.29666666666666663
767,tfidf_sinopse,1.0,0.3466666666666666
768,tfidf_sinopse,0.8,0.24666666666666665
769,tfidf_sinopse,0.8,0.22999999999999998
770,tfidf_sinopse,1.0,0.32999999999999996
771,tfidf_sinopse,0.2,0.1
772,tfidf_sinopse,0.8,0.38
773,tfidf_sinopse,1.0,0.39999999999999997
774,tfidf_sinopse,0.8,0.2733333333333333
775,tfidf_sinopse,1.0,0.5566666666666666
776,tfidf_sinopse,0.8,0.18
777,tfidf_sinopse,1.0,0.36
778,tfidf_sinopse,0.8,0.36666666666666664
779,tfidf_sinopse,0.8,0.33999999999999997
780,tfidf_sinopse,1.0,0.5
781,tfidf_sinopse,0.6,0.33999999999999997
782,tfidf_sinopse,0.6,0.20666666666666664
783,tfidf_sinopse,0.8,0.25666666666666665
784,tfidf_sinopse,1.0,0.25
785,tfidf_sinopse,1.0,0.6333333333333333
786,tfidf_sinopse,0.8,0.25666666666666665
787,tfidf_sinopse,1.0,0.39999999999999997
788,tfidf_sinopse,1.0,0.5333333333333333
789,tfidf_sinopse,1.0,0.26666666666666666
790,tfidf_sinopse,0.6,0.5
791,tfidf_sinopse,1.0,0.3466666666666666
792,tfidf_sinopse,0.8,0.21666666666666665
793,tfidf_sinopse,0.8,0.3
794,tfidf_sinopse,1.0,0.4800000000000001
795,tfidf_sinopse,0.4,0.26666666666666666
796,tfidf_sinopse,0.6,0.19
797,tfidf_sinopse,0.4,0.08
798,tfidf_sinopse,1.0,0.5
799,tfidf_sinopse,0.8,0.19
800,tfidf_sinopse,0.6,0.2333333333333333
801,tfidf_sinopse,1.0,0.3
802,tfidf_sinopse,0.8,0.24
803,tfidf_sinopse,1.0,0.29
804,tfidf_sinopse,1.0,0.3
805,tfidf_sinopse,0.6,0.26666666666666666
806,tfidf_sinopse,1.0,0.42333333333333334
807,tfidf_sinopse,0.6,0.44000000000000006
808,tfidf_sinopse,0.2,0.1
809,tfidf_sinopse,0.8,0.44000000000000006
810,tfidf_sinopse,1.0,0.23666666666666666
811,tfidf_sinopse,0.8,0.36666666666666664
812,tfidf_sinopse,1.0,0.6333333333333333
813,tfidf_sinopse,0.8,0.20666666666666664
814,tfidf_sinopse,1.0,0.64
815,tfidf_sinopse,1.0,0.3866666666666666
816,tfidf_sinopse,0.6,0.26666666666666666
817,tfidf_sinopse,0.8,0.21666666666666665
818,tfidf_sinopse,1.0,0.39999999999999997
819,tfidf_sinopse,1.0,0.4133333333333333
820,tfidf_sinopse,1.0,0.4666666666666666
821,tfidf_sinopse,1.0,0.25666666666666665
822,tfidf_sinopse,0.8,0.18666666666666668
823,tfidf_sinopse,0.6,0.15666666666666668
824,tfidf_sinopse,0.6,0.16666666666666666
825,tfidf_sinopse,0.8,0.5
826,tfidf_sinopse,0.6,0.17333333333333334
827,tfidf_sinopse,1.0,0.5833333333333333
828,tfidf_sinopse,0.2,0.04
829,tfidf_sinopse,0.2,0.05
830,tfidf_sinopse,1.0,0.26666666666666666
831,tfidf_sinopse,0.8,0.31999999999999995
832,tfidf_sinopse,1.0,0.26
833,tfidf_sinopse,1.0,0.4333333333333333
834,tfidf_sinopse,0.8,0.27999999999999997
835,tfidf_sinopse,1.0,0.24
836,tfidf_sinopse,0.8,0.26666666666666666
837,tfidf_sinopse,0.2,0.06666666666666667
838,tfidf_sinopse,0.6,0.2333333333333333
839,tfidf_sinopse,0.4,0.24
840,tfidf_sinopse,0.8,0.2
841,tfidf_sinopse,1.0,0.6000000000000001
842,tfidf_sinopse,0.0,0.0
843,tfidf_sinopse,0.6,0.12000000000000002
844,tfidf_sinopse,0.0,0.0
845,tfidf_sinopse,0.8,0.36666666666666664
846,tfidf_sinopse,0.4,0.13333333333333333
847,tfidf_sinopse,0.6,0.13
848,tfidf_sinopse,0.8,0.21666666666666665
849,tfidf_sinopse,1.0,0.5066666666666667
850,tfidf_sinopse,0.8,0.44000000000000006
851,tfidf_sinopse,1.0,0.23666666666666666
852,tfidf_sinopse,1.0,0.47333333333333333
853,tfidf_sinopse,0.6,0.33999999999999997
854,tfidf_sinopse,0.8,0.17
855,tfidf_sinopse,0.6,0.26666666666666666
856,tfidf_sinopse,1.0,0.2
857,tfidf_sinopse,0.8,0.45
858,tfidf_sinopse,1.0,0.49000000000000005
859,tfidf_sinopse,1.0,0.33999999999999997
860,tfidf_sinopse,1.0,0.49000000000000005
861,tfidf_sinopse,0.6,0.13
862,tfidf_sinopse,0.8,0.24
863,tfidf_sinopse,0.8,0.35
864,tfidf_sinopse,0.8,0.22999999999999998
865,tfidf_sinopse,0.6,0.19
866,tfidf_sinopse,1.0,0.26666666666666666
867,tfidf_sinopse,0.8,0.17
868,tfidf_sinopse,0.6,0.3333333333333333
869,tfidf_sinopse,0.8,0.2
870,tfidf_sinopse,1.0,0.42333333333333334
871,tfidf_sinopse,1.0,0.2866666666666667
872,tfidf_sinopse,0.8,0.21666666666666665
873,tfidf_sinopse,1.0,0.29
874,tfidf_sinopse,1.0,0.2733333333333333
875,tfidf_sinopse,0.2,0.1
876,tfidf_sinopse,0.4,0.1
877,tfidf_sinopse,0.8,0.33999999999999997
878,tfidf_sinopse,1.0,0.3233333333333333
879,tfidf_sinopse,1.0,0.4
880,tfidf_sinopse,0.8,0.6666666666666667
881,tfidf_sinopse,0.6,0.2
882,tfidf_sinopse,1.0,0.41666666666666663
883,tfidf_sinopse,1.0,0.5333333333333333
884,tfidf_sinopse,0.8,0.27999999999999997
885,tfidf_sinopse,0.8,0.22999999999999998
886,tfidf_sinopse,0.6,0.2333333333333333
887,tfidf_sinopse,0.6,0.2
888,tfidf_sinopse,1.0,0.47333333333333333
889,tfidf_sinopse,0.8,0.29
890,tfidf_sinopse,0.8,0.24
891,tfidf_sinopse,0.2,0.2
892,tfidf_sinopse,0.8,0.27999999999999997
893,tfidf_sinopse,0.8,0.33999999999999997
894,tfidf_sinopse,0.8,0.3833333333333333
895,tfidf_sinopse,1.0,0.2833333333333333
896,tfidf_sinopse,1.0,0.39
897,tfidf_sinopse,0.6,0.18
898,tfidf_sinopse,0.8,0.16
899,tfidf_sinopse,0.6,0.15
900,tfidf_sinopse,1.0,0.3333333333333333
901,tfidf_sinopse,0.8,0.35
902,tfidf_sinopse,0.2,0.1
903,tfidf_sinopse,0.6,0.19
904,tfidf_sinopse,0.2,0.1
905,tfidf_sinopse,0.6,0.25
906,tfidf_sinopse,0.4,0.08
907,tfidf_sinopse,1.0,0.3966666666666666
908,tfidf_sinopse,0.8,0.22333333333333333
909,tfidf_sinopse,0.8,0.24
910,tfidf_sinopse,1.0,0.23666666666666666
911,tfidf_sinopse,0.6,0.2333333333333333
912,tfidf_sinopse,0.6,0.12000000000000002
913,tfidf_sinopse,0.8,0.25
914,tfidf_sinopse,1.0,0.26999999999999996
915,tfidf_sinopse,0.8,0.20666666666666664
916,tfidf_sinopse,0.8,0.4333333333333333
917,tfidf_sinopse,0.8,0.39999999999999997
918,tfidf_sinopse,1.0,0.6733333333333332
919,tfidf_sinopse,0.8,0.54
920,tfidf_sinopse,0.6,0.24
921,tfidf_sinopse,0.8,0.35
922,tfidf_sinopse,1.0,0.32999999999999996
923,tfidf_sinopse,1.0,0.49000000000000005
924,tfidf_sinopse,1.0,0.31999999999999995
925,tfidf_sinopse,1.0,0.24666666666666667
926,tfidf_sinopse,1.0,0.4066666666666666
927,tfidf_sinopse,0.6,0.19
928,tfidf_sinopse,1.0,0.3333333333333333
929,tfidf_sinopse,1.0,0.39
930,tfidf_sinopse,1.0,0.21000000000000002
931,tfidf_sinopse,0.8,0.21999999999999997
932,tfidf_sinopse,0.6,0.12000000000000002
933,tfidf_sinopse,1.0,0.6333333333333334
934,tfidf_sinopse,1.0,0.6
935,tfidf_sinopse,1.0,0.22666666666666666
936,tfidf_sinopse,0.8,0.24
937,tfidf_sinopse,1.0,0.3333333333333333
938,tfidf_sinopse,1.0,0.4
939,tfidf_sinopse,1.0,0.4333333333333333
940,tfidf_sinopse,1.0,0.42000000000000004
941,tfidf_sinopse,0.8,0.4666666666666667
942,tfidf_sinopse,1.0,0.35666666666666663
943,tfidf_sinopse,0.8,0.22999999999999998
944,tfidf_sinopse,1.0,0.54
945,tfidf_sinopse,0.8,0.3333333333333333
946,tfidf_sinopse,0.8,0.4
947,tfidf_sinopse,0.4,0.4
948,tfidf_sinopse,0.4,0.10666666666666666
949,tfidf_sinopse,1.0,0.44000000000000006
950,tfidf_sinopse,1.0,0.25999999999999995
951,tfidf_sinopse,0.4,0.08
952,tfidf_sinopse,0.8,0.25666666666666665
953,tfidf_sinopse,0.8,0.3333333333333333
954,tfidf_sinopse,1.0,0.29666666666666663
955,tfidf_sinopse,0.8,0.4
956,tfidf_sinopse,0.2,0.04
957,tfidf_sinopse,0.8,0.29
958,tfidf_sinopse,1.0,0.5166666666666666
959,tfidf_sinopse,0.4,0.15
960,tfidf_sinopse,1.0,0.53
961,tfidf_sinopse,0.0,0.0
962,tfidf_sinopse,0.8,0.35
963,tfidf_sinopse,0.0,0.0
964,tfidf_sinopse,0.6,0.19
965,tfidf_sinopse,0.8,0.31666666666666665
966,tfidf_sinopse,0.6,0.12000000000000002
967,tfidf_sinopse,1.0,0.22999999999999998
968,tfidf_sinopse,0.8,0.16
969,tfidf_sinopse,0.6,0.36666666666666664
970,tfidf_sinopse,0.4,0.1
971,tfidf_sinopse,1.0,0.2633333333333333
972,tfidf_sinopse,0.4,0.1
973,tfidf_sinopse,0.6,0.15
974,tfidf_sinopse,0.8,0.6666666666666666
975,tfidf_sinopse,1.0,0.35
976,tfidf_sinopse,0.6,0.27999999999999997
977,tfidf_sinopse,0.4,0.1
978,tfidf_sinopse,1.0,0.4833333333333333
979,tfidf_sinopse,0.6,0.24
980,tfidf_sinopse,0.8,0.32333333333333336
981,tfidf_sinopse,1.0,0.5333333333333333
982,tfidf_sinopse,0.6,0.33999999999999997
983,tfidf_sinopse,0.4,0.08
984,tfidf_sinopse,0.8,0.19
985,tfidf_sinopse,0.8,0.33999999999999997
986,tfidf_sinopse,1.0,0.2866666666666666
987,tfidf_sinopse,1.0,0.3833333333333333
988,tfidf_sinopse,0.8,0.2833333333333333
989,tfidf_sinopse,0.8,0.22000000000000003
990,tfidf_sinopse,0.8,0.16
991,tfidf_sinopse,0.8,0.3
992,tfidf_sinopse,0.8,0.22999999999999998
993,tfidf_sinopse,0.8,0.2633333333333333
994,tfidf_sinopse,0.6,0.13
995,tfidf_sinopse,0.8,0.3833333333333333
996,tfidf_sinopse,1.0,0.25
997,tfidf_sinopse,0.6,0.13
998,tfidf_sinopse,0.6,0.2333333333333333
999,tfidf_sinopse,1.0,0.31999999999999995
0,popularidade,0.8,0.4666666666666666
1,popularidade,0.8,0.5333333333333333
2,popularidade,1.0,0.35666666666666663
3,popularidade,0.8,0.5333333333333333
4,popularidade,0.8,0.5333333333333333
5,popularidade,1.0,0.3833333333333333
6,popularidade,0.8,0.39999999999999997
7,popularidade,0.8,0.22333333333333333
8,popularidade,0.2,0.04
9,popularidade,0.8,0.4666666666666666
10,popularidade,1.0,0.3833333333333333
11,popularidade,0.8,0.31666666666666665
12,popularidade,0.0,0.0
13,popularidade,1.0,0.3833333333333333
14,popularidade,0.4,0.18333333333333332
15,popularidade,0.8,0.3666666666666666
16,popularidade,0.4,0.13999999999999999
17,popularidade,0.8,0.5666666666666667
18,popularidade,0.8,0.22333333333333333
19,popularidade,0.8,0.22333333333333333
20,popularidade,0.8,0.5666666666666667
21,popularidade,1.0,0.3233333333333333
22,popularidade,0.8,0.5333333333333333
23,popularidade,0.2,0.04
24,popularidade,0.8,0.31666666666666665
25,popularidade,0.8,0.3666666666666666
26,popularidade,0.8,0.22333333333333333
27,popularidade,0.8,0.3666666666666666
28,popularidade,0.8,0.3666666666666666
29,popularidade,0.4,0.13999999999999999
30,popularidade,1.0,0.3233333333333333
31,popularidade,1.0,0.3833333333333333
32,popularidade,0.8,0.22333333333333333
33,popularidade,0.8,0.3666666666666666
34,popularidade,0.8,0.31666666666666665
35,popularidade,0.8,0.22333333333333333
36,popularidade,1.0,0.2633333333333333
37,popularidade,0.8,0.3666666666666666
38,popularidade,0.8,0.22333333333333333
39,popularidade,1.0,0.3833333333333333
40,popularidade,0.8,0.5666666666666667
41,popularidade,0.4,0.09
42,popularidade,1.0,0.5066666666666666
43,popularidade,1.0,0.2633333333333333
44,popularidade,0.4,0.18333333333333332
45,popularidade,0.8,0.31666666666666665
46,popularidade,0.8,0.22333333333333333
47,popularidade,0.2,0.1
48,popularidade,0.0,0.0
49,popularidade,0.0,0.0
50,popularidade,0.8,0.22333333333333333
51,popularidade,0.8,0.22333333333333333
52,popularidade,0.8,0.22333333333333333
53,popularidade,0.8,0.5666666666666667
54,popularidade,0.8,0.22333333333333333
55,popularidade,1.0,0.5066666666666666
56,popularidade,0.8,0.22333333333333333
57,popularidade,1.0,0.3233333333333333
58,popularidade,0.4,0.13999999999999999
59,popularidade,1.0,0.3833333333333333
60,popularidade,0.4,0.24
61,popularidade,0.2,0.04
62,popularidade,0.8,0.31666666666666665
63,popularidade,0.4,0.18333333333333332
64,popularidade,0.8,0.31666666666666665
65,popularidade,0.8,0.31666666666666665
66,popularidade,0.2,0.04
67,popularidade,0.8,0.22333333333333333
68,popularidade,1.0,0.3233333333333333
69,popularidade,0.0,0.0
70,popularidade,0.4,0.13999999999999999
71,popularidade,0.8,0.5333333333333333
72,popularidade,0.4,0.18333333333333332
73,popularidade,0.8,0.31666666666666665
74,popularidade,0.8,0.22333333333333333
75,popularidade,0.2,0.05
76,popularidade,0.8,0.31666666666666665
77,popularidade,0.8,0.3666666666666666
78,popularidade,0.0,0.0
79,popularidade,0.8,0.3666666666666666
80,popularidade,0.8,0.31666666666666665
81,popularidade,0.0,0.0
82,popularidade,0.8,0.31666666666666665
83,popularidade,0.8,0.22333333333333333
84,popularidade,0.8,0.22333333333333333
85,popularidade,0.8,0.22333333333333333
86,popularidade,0.8,0.3666666666666666
87,popularidade,0.8,0.3666666666666666
88,popularidade,0.8,0.5666666666666667
89,popularidade,0.8,0.5666666666666667
90,popularidade,0.8,0.22333333333333333
91,popularidade,0.8,0.5666666666666667
92,popularidade,0.8,0.31666666666666665
93,popularidade,1.0,0.2633333333333333
94,popularidade,1.0,0.2633333333333333
95,popularidade,0.0,0.0
96,popularidade,0.4,0.11666666666666665
97,popularidade,0.8,0.5666666666666667
98,popularidade,0.8,0.5666666666666667
99,popularidade,0.8,0.31666666666666665
100,popularidade,0.8,0.22333333333333333
101,popularidade,0.2,0.04
102,popularidade,0.8,0.22333333333333333
103,popularidade,0.8,0.3666666666666666
104,popularidade,0.8,0.31666666666666665
105,popularidade,0.8,0.22333333333333333
106,popularidade,0.4,0.24
107,popularidade,0.8,0.22333333333333333
108,popularidade,0.8,0.5333333333333333
109,popularidade,0.4,0.13999999999999999
110,popularidade,1.0,0.2633333333333333
111,popularidade,0.8,0.5333333333333333
112,popularidade,0.8,0.3666666666666666
113,popularidade,1.0,0.4066666666666666
114,popularidade,0.2,0.13333333333333333
115,popularidade,0.0,0.0
116,popularidade,1.0,0.2633333333333333
117,popularidade,0.8,0.22333333333333333
118,popularidade,0.2,0.04
119,popularidade,0.0,0.0
120,popularidade,0.0,0.0
121,popularidade,0.8,0.5666666666666667
122,popularidade,0.8,0.5666666666666667
123,popularidade,0.8,0.3666666666666666
124,popularidade,0.8,0.31666666666666665
125,popularidade,0.4,0.09
126,popularidade,1.0,0.36666666666666664
127,popularidade,0.8,0.22333333333333333
128,popularidade,0.8,0.31666666666666665
129,popularidade,1.0,0.3233333333333333
130,popularidade,1.0,0.45
131,popularidade,0.8,0.22333333333333333
132,popularidade,0.8,0.3666666666666666
133,popularidade,0.8,0.3666666666666666
134,popularidade,1.0,0.45
135,popularidade,0.2,0.04
136,popularidade,0.8,0.3666666666666666
137,popularidade,1.0,0.2633333333333333
138,popularidade,0.8,0.31666666666666665
139,popularidade,0.8,0.22333333333333333
140,popularidade,0.6,0.19
141,popularidade,0.8,0.5666666666666667
142,popularidade,0.6,0.19
143,popularidade,0.8,0.22333333333333333
144,popularidade,1.0,0.3233333333333333
145,popularidade,0.0,0.0
146,popularidade,0.2,0.04
147,popularidade,0.8,0.3666666666666666
148,popularidade,0.8,0.22333333333333333
149,popularidade,0.8,0.5666666666666667
150,popularidade,0.8,0.22333333333333333
151,popularidade,0.2,0.04
152,popularidade,1.0,0.3833333333333333
153,popularidade,0.8,0.3666666666666666
154,popularidade,0.8,0.5666666666666667
155,popularidade,0.4,0.18333333333333332
156,popularidade,0.8,0.5666666666666667
157,popularidade,0.8,0.22333333333333333
158,popularidade,0.2,0.04
159,popularidade,0.8,0.31666666666666665
160,popularidade,0.6,0.19
161,popularidade,0.6,0.19
162,popularidade,0.8,0.3666666666666666
163,popularidade,0.8,0.3666666666666666
164,popularidade,0.8,0.3666666666666666
165,popularidade,0.8,0.5333333333333333
166,popularidade,0.4,0.08
167,popularidade,0.8,0.31666666666666665
168,popularidade,0.4,0.18333333333333332
169,popularidade,0.8,0.3666666666666666
170,popularidade,0.0,0.0
171,popularidade,0.4,0.1
172,popularidade,1.0,0.3233333333333333
173,popularidade,0.8,0.22333333333333333
174,popularidade,1.0,0.36666666666666664
175,popularidade,0.8,0.31666666666666665
176,popularidade,0.8,0.22333333333333333
177,popularidade,0.4,0.13999999999999999
178,popularidade,0.2,0.04
179,popularidade,1.0,0.2633333333333333
180,popularidade,0.8,0.5333333333333333
181,popularidade,1.0,0.3233333333333333
182,popularidade,0.8,0.31666666666666665
183,popularidade,0.0,0.0
184,popularidade,0.8,0.31666666666666665
185,popularidade,0.8,0.22333333333333333
186,popularidade,0.8,0.3666666666666666
187,popularidade,0.4,0.11666666666666665
188,popularidade,0.8,0.5666666666666667
189,popularidade,0.8,0.3666666666666666
190,popularidade,0.8,0.5666666666666667
191,popularidade,1.0,0.2633333333333333
192,popularidade,0.0,0.0
193,popularidade,1.0,0.2633333333333333
194,popularidade,0.4,0.08
195,popularidade,0.8,0.31666666666666665
196,popularidade,0.8,0.31666666666666665
197,popularidade,0.8,0.22333333333333333
198,popularidade,0.8,0.3666666666666666
199,popularidade,0.8,0.22333333333333333
200,popularidade,0.8,0.5666666666666667
201,popularidade,1.0,0.5066666666666666
202,popularidade,1.0,0.3833333333333333
203,popularidade,0.8,0.31666666666666665
204,popularidade,0.8,0.22333333333333333
205,popularidade,0.2,0.04
206,popularidade,0.8,0.5666666666666667
207,popularidade,0.8,0.22333333333333333
208,popularidade,0.8,0.22333333333333333
209,popularidade,0.6,0.13
210,popularidade,0.8,0.22333333333333333
211,popularidade,0.8,0.22333333333333333
212,popularidade,0.8,0.22333333333333333
213,popularidade,0.2,0.04
214,popularidade,0.8,0.22333333333333333
215,popularidade,0.8,0.22333333333333333
216,popularidade,1.0,0.3233333333333333
217,popularidade,1.0,0.3233333333333333
218,popularidade,0.8,0.3666666666666666
219,popularidade,1.0,0.2633333333333333
220,popularidade,0.0,0.0
221,popularidade,0.8,0.31666666666666665
222,popularidade,0.8,0.3666666666666666
223,popularidade,0.4,0.24
224,popularidade,1.0,0.5066666666666666
225,popularidade,0.8,0.5666666666666667
226,popularidade,1.0,0.2633333333333333
227,popularidade,0.8,0.31666666666666665
228,popularidade,0.8,0.22333333333333333
229,popularidade,0.8,0.22333333333333333
230,popularidade,0.4,0.13999999999999999
231,popularidade,1.0,0.2633333333333333
232,popularidade,0.8,0.3666666666666666
233,popularidade,0.8,0.22333333333333333
234,popularidade,0.8,0.31666666666666665
235,popularidade,0.8,0.22333333333333333
236,popularidade,1.0,0.3233333333333333
237,popularidade,0.8,0.31666666666666665
238,popularidade,0.8,0.22333333333333333
239,popularidade,0.8,0.3666666666666666
240,popularidade,0.8,0.22333333333333333
241,popularidade,1.0,0.5066666666666666
242,popularidade,0.2,0.04
243,popularidade,0.8,0.3666666666666666
244,popularidade,0.8,0.31666666666666665
245,popularidade,0.2,0.04
246,popularidade,1.0,0.3233333333333333
247,popularidade,1.0,0.2633333333333333
248,popularidade,0.8,0.22333333333333333
249,popularidade,0.8,0.22333333333333333
250,popularidade,0.8,0.31666666666666665
251,popularidade,0.4,0.09
252,popularidade,0.4,0.09
253,popularidade,0.8,0.31666666666666665
254,popularidade,0.8,0.5666666666666667
255,popularidade,0.8,0.3666666666666666
256,popularidade,0.8,0.22333333333333333
257,popularidade,0.8,0.5333333333333333
258,popularidade,0.8,0.31666666666666665
259,popularidade,0.8,0.31666666666666665
260,popularidade,0.8,0.22333333333333333
261,popularidade,0.8,0.3666666666666666
262,popularidade,0.4,0.24
263,popularidade,0.8,0.3666666666666666
264,popularidade,0.8,0.22333333333333333
265,popularidade,0.8,0.22333333333333333
266,popularidade,0.8,0.31666666666666665
267,popularidade,1.0,0.36666666666666664
268,popularidade,0.8,0.31666666666666665
269,popularidade,0.8,0.5666666666666667
270,popularidade,0.2,0.04
271,popularidade,0.2,0.04
272,popularidade,0.8,0.22333333333333333
273,popularidade,1.0,0.36666666666666664
274,popularidade,0.8,0.5666666666666667
275,popularidade,0.4,0.13999999999999999
276,popularidade,0.8,0.31666666666666665
277,popularidade,0.0,0.0
278,popularidade,0.8,0.31666666666666665
279,popularidade,0.8,0.31666666666666665
280,popularidade,0.8,0.5666666666666667
281,popularidade,1.0,0.2633333333333333
282,popularidade,0.8,0.31666666666666665
283,popularidade,0.8,0.22333333333333333
284,popularidade,0.8,0.3666666666666666
285,popularidade,0.8,0.5666666666666667
286,popularidade,1.0,0.2633333333333333
287,popularidade,0.8,0.3666666666666666
288,popularidade,0.8,0.5333333333333333
289,popularidade,0.8,0.31666666666666665
290,popularidade,0.8,0.22333333333333333
291,popularidade,0.8,0.31666666666666665
292,popularidade,0.8,0.31666666666666665
293,popularidade,0.8,0.22333333333333333
294,popularidade,0.6,0.19
295,popularidade,0.8,0.31666666666666665
296,popularidade,0.8,0.31666666666666665
297,popularidade,0.8,0.5666666666666667
298,popularidade,0.8,0.22333333333333333
299,popularidade,0.8,0.5333333333333333
300,popularidade,1.0,0.2633333333333333
301,popularidade,1.0,0.36666666666666664
302,popularidade,0.8,0.5666666666666667
303,popularidade,0.8,0.31666666666666665
304,popularidade,1.0,0.2633333333333333
305,popularidade,0.8,0.3666666666666666
306,popularidade,1.0,0.2633333333333333
307,popularidade,0.8,0.31666666666666665
308,popularidade,1.0,0.5066666666666666
309,popularidade,0.0,0.0
310,popularidade,0.8,0.22333333333333333
311,popularidade,0.8,0.22333333333333333
312,popularidade,0.8,0.22333333333333333
313,popularidade,0.8,0.31666666666666665
314,popularidade,0.8,0.22333333333333333
315,popularidade,0.8,0.31666666666666665
316,popularidade,0.0,0.0
317,popularidade,0.8,0.22333333333333333
318,popularidade,0.0,0.0
319,popularidade,0.8,0.31666666666666665
320,popularidade,0.4,0.13999999999999999
321,popularidade,0.0,0.0
322,popularidade,0.8,0.31666666666666665
323,popularidade,1.0,0.2633333333333333
324,popularidade,0.8,0.31666666666666665
325,popularidade,0.4,0.13999999999999999
326,popularidade,0.6,0.19
327,popularidade,0.8,0.22333333333333333
328,popularidade,0.8,0.31666666666666665
329,popularidade,1.0,0.3233333333333333
330,popularidade,0.2,0.04
331,popularidade,1.0,0.45
332,popularidade,1.0,0.2633333333333333
333,popularidade,0.8,0.31666666666666665
334,popularidade,0.8,0.22333333333333333
335,popularidade,0.8,0.3666666666666666
336,popularidade,0.8,0.5666666666666667
337,popularidade,0.6,0.19
338,popularidade,0.8,0.22333333333333333
339,popularidade,0.4,0.13999999999999999
340,popularidade,1.0,0.3233333333333333
341,popularidade,1.0,0.2633333333333333
342,popularidade,0.8,0.22333333333333333
343,popularidade,1.0,0.3833333333333333
344,popularidade,0.8,0.31666666666666665
345,popularidade,1.0,0.5066666666666666
346,popularidade,0.8,0.22333333333333333
347,popularidade,0.8,0.5666666666666667
348,popularidade,0.4,0.13999999999999999
349,popularidade,0.8,0.31666666666666665
350,popularidade,0.8,0.31666666666666665
351,popularidade,1.0,0.3233333333333333
352,popularidade,0.8,0.5666666666666667
353,popularidade,1.0,0.3233333333333333
354,popularidade,0.8,0.31666666666666665
355,popularidade,0.8,0.31666666666666665
356,popularidade,1.0,0.5066666666666666
357,popularidade,0.4,0.24
358,popularidade,0.8,0.22333333333333333
359,popularidade,0.8,0.31666666666666665
360,popularidade,0.8,0.31666666666666665
361,popularidade,1.0,0.2633333333333333
362,popularidade,0.4,0.08
363,popularidade,0.8,0.3666666666666666
364,popularidade,0.4,0.11666666666666665
365,popularidade,0.8,0.31666666666666665
366,popularidade,0.2,0.1
367,popularidade,0.2,0.04
368,popularidade,0.4,0.13999999999999999
369,popularidade,0.6,0.19
370,popularidade,0.8,0.5666666666666667
371,popularidade,0.8,0.31666666666666665
372,popularidade,0.8,0.31666666666666665
373,popularidade,0.8,0.22333333333333333
374,popularidade,0.8,0.22333333333333333
375,popularidade,1.0,0.5066666666666666
376,popularidade,0.4,0.13999999999999999
377,popularidade,1.0,0.2633333333333333
378,popularidade,0.4,0.13999999999999999
379,popularidade,0.8,0.22333333333333333
380,popularidade,0.8,0.5333333333333333
381,popularidade,0.8,0.31666666666666665
382,popularidade,1.0,0.2633333333333333
383,popularidade,0.8,0.5666666666666667
384,popularidade,0.8,0.3666666666666666
385,popularidade,0.8,0.31666666666666665
386,popularidade,0.4,0.09
387,popularidade,0.8,0.5666666666666667
388,popularidade,0.8,0.5666666666666667
389,popularidade,0.4,0.13999999999999999
390,popularidade,0.6,0.19
391,popularidade,0.8,0.5666666666666667
392,popularidade,0.8,0.31666666666666665
393,popularidade,0.2,0.04
394,popularidade,0.6,0.19
395,popularidade,0.0,0.0
396,popularidade,0.0,0.0
397,popularidade,0.8,0.5333333333333333
398,popularidade,0.8,0.5666666666666667
399,popularidade,0.2,0.04
400,popularidade,0.8,0.22333333333333333
401,popularidade,0.0,0.0
402,popularidade,1.0,0.2633333333333333
403,popularidade,0.8,0.31666666666666665
404,popularidade,0.8,0.5666666666666667
405,popularidade,0.4,0.13999999999999999
406,popularidade,0.2,0.04
407,popularidade,0.8,0.22333333333333333
408,popularidade,0.8,0.31666666666666665
409,popularidade,1.0,0.2633333333333333
410,popularidade,0.4,0.18333333333333332
411,popularidade,0.8,0.22333333333333333
412,popularidade,0.8,0.22333333333333333
413,popularidade,0.8,0.31666666666666665
414,popularidade,0.0,0.0
415,popularidade,0.2,0.05
416,popularidade,0.8,0.3666666666666666
417,popularidade,0.0,0.0
418,popularidade,0.8,0.3666666666666666
419,popularidade,0.0,0.0
420,popularidade,0.0,0.0
421,popularidade,0.8,0.31666666666666665
422,popularidade,0.8,0.22333333333333333
423,popularidade,0.8,0.5666666666666667
424,popularidade,0.8,0.3666666666666666
425,popularidade,0.8,0.31666666666666665
426,popularidade,0.2,0.13333333333333333
427,popularidade,0.8,0.22333333333333333
428,popularidade,0.8,0.5666666666666667
429,popularidade,0.8,0.22333333333333333
430,popularidade,0.8,0.22333333333333333
431,popularidade,1.0,0.3233333333333333
432,popularidade,0.8,0.5666666666666667
433,popularidade,0.8,0.5666666666666667
434,popularidade,0.8,0.31666666666666665
435,popularidade,0.8,0.31666666666666665
436,popularidade,1.0,0.3233333333333333
437,popularidade,0.8,0.3666666666666666
438,popularidade,0.8,0.3666666666666666
439,popularidade,0.8,0.5666666666666667
440,popularidade,0.8,0.31666666666666665
441,popularidade,0.8,0.3666666666666666
442,popularidade,0.8,0.3666666666666666
443,popularidade,0.8,0.5666666666666667
444,popularidade,0.8,0.3666666666666666
445,popularidade,0.8,0.22333333333333333
446,popularidade,0.0,0.0
447,popularidade,0.8,0.5666666666666667
448,popularidade,0.8,0.22333333333333333
449,popularidade,0.4,0.11666666666666665
450,popularidade,0.8,0.3666666666666666
451,popularidade,0.8,0.3666666666666666
452,popularidade,0.8,0.31666666666666665
453,popularidade,0.8,0.22333333333333333
454,popularidade,0.8,0.22333333333333333
455,popularidade,0.4,0.09
456,popularidade,0.0,0.0
457,popularidade,0.8,0.31666666666666665
458,popularidade,0.2,0.04
459,popularidade,0.8,0.31666666666666665
460,popularidade,0.4,0.09
461,popularidade,0.8,0.31666666666666665
462,popularidade,0.8,0.22333333333333333
463,popularidade,0.8,0.3666666666666666
464,popularidade,0.8,0.22333333333333333
465,popularidade,0.8,0.5333333333333333
466,popularidade,0.8,0.22333333333333333
467,popularidade,0.8,0.31666666666666665
468,popularidade,0.8,0.5666666666666667
469,popularidade,0.2,0.04
470,popularidade,1.0,0.2633333333333333
471,popularidade,0.8,0.31666666666666665
472,popularidade,0.8,0.22333333333333333
473,popularidade,0.4,0.13999999999999999
474,popularidade,0.8,0.3666666666666666
475,popularidade,0.8,0.22333333333333333
476,popularidade,1.0,0.36666666666666664
477,popularidade,0.4,0.24
478,popularidade,0.8,0.31666666666666665
479,popularidade,0.4,0.24
480,popularidade,0.8,0.5333333333333333
481,popularidade,0.8,0.22333333333333333
482,popularidade,0.4,0.24
483,popularidade,0.8,0.31666666666666665
484,popularidade,0.8,0.3666666666666666
485,popularidade,0.8,0.5333333333333333
486,popularidade,1.0,0.2633333333333333
487,popularidade,0.8,0.3666666666666666
488,popularidade,0.4,0.13999999999999999
489,popularidade,0.8,0.31666666666666665
490,popularidade,0.8,0.22333333333333333
491,popularidade,0.8,0.5666666666666667
492,popularidade,0.8,0.5666666666666667
493,popularidade,0.4,0.24
494,popularidade,0.8,0.3666666666666666
495,popularidade,0.8,0.22333333333333333
496,popularidade,1.0,0.3833333333333333
497,popularidade,1.0,0.2633333333333333
498,popularidade,1.0,0.2633333333333333
499,popularidade,0.2,0.04
500,popularidade,0.8,0.31666666666666665
501,popularidade,0.8,0.31666666666666665
502,popularidade,0.4,0.24
503,popularidade,0.0,0.0
504,popularidade,0.8,0.31666666666666665
505,popularidade,0.8,0.3666666666666666
506,popularidade,0.2,0.04
507,popularidade,0.4,0.13999999999999999
508,popularidade,0.8,0.22333333333333333
509,popularidade,0.8,0.22333333333333333
510,popularidade,0.6,0.19
511,popularidade,0.4,0.08
512,popularidade,0.8,0.3666666666666666
513,popularidade,1.0,0.3233333333333333
514,popularidade,1.0,0.2633333333333333
515,popularidade,0.8,0.22333333333333333
516,popularidade,0.2,0.04
517,popularidade,0.8,0.5666666666666667
518,popularidade,0.8,0.22333333333333333
519,popularidade,0.8,0.5333333333333333
520,popularidade,0.8,0.3666666666666666
521,popularidade,0.8,0.22333333333333333
522,popularidade,0.4,0.13999999999999999
523,popularidade,0.8,0.3666666666666666
524,popularidade,0.8,0.22333333333333333
525,popularidade,0.8,0.31666666666666665
526,popularidade,0.8,0.31666666666666665
527,popularidade,0.8,0.3666666666666666
528,popularidade,0.8,0.31666666666666665
529,popularidade,1.0,0.36666666666666664
530,popularidade,0.0,0.0
531,popularidade,0.0,0.0
532,popularidade,0.4,0.13999999999999999
533,popularidade,0.8,0.22333333333333333
534,popularidade,0.8,0.22333333333333333
535,popularidade,0.4,0.13999999999999999
536,popularidade,0.8,0.22333333333333333
537,popularidade,1.0,0.2633333333333333
538,popularidade,0.8,0.22333333333333333
539,popularidade,0.0,0.0
540,popularidade,0.4,0.13999999999999999
541,popularidade,0.8,0.22333333333333333
542,popularidade,0.8,0.22333333333333333
543,popularidade,0.4,0.13999999999999999
544,popularidade,0.0,0.0
545,popularidade,0.8,0.22333333333333333
546,popularidade,0.8,0.3666666666666666
547,popularidade,0.0,0.0
548,popularidade,0.8,0.31666666666666665
549,popularidade,1.0,0.2633333333333333
550,popularidade,0.8,0.31666666666666665
551,popularidade,0.8,0.31666666666666665
552,popularidade,1.0,0.36666666666666664
553,popularidade,1.0,0.2633333333333333
554,popularidade,0.8,0.5666666666666667
555,popularidade,0.8,0.22333333333333333
556,popularidade,0.4,0.09
557,popularidade,0.8,0.22333333333333333
558,popularidade,0.8,0.22333333333333333
559,popularidade,0.8,0.22333333333333333
560,popularidade,0.4,0.09
561,popularidade,0.8,0.31666666666666665
562,popularidade,0.0,0.0
563,popularidade,0.8,0.22333333333333333
564,popularidade,0.4,0.13999999999999999
565,popularidade,0.0,0.0
566,popularidade,0.2,0.1
567,popularidade,0.8,0.31666666666666665
568,popularidade,0.0,0.0
569,popularidade,0.6,0.19
570,popularidade,1.0,0.3233333333333333
571,popularidade,0.8,0.31666666666666665
572,popularidade,0.8,0.5666666666666667
573,popularidade,1.0,0.3233333333333333
574,popularidade,0.8,0.31666666666666665
575,popularidade,0.8,0.22333333333333333
576,popularidade,0.2,0.04
577,popularidade,1.0,0.5066666666666666
578,popularidade,0.4,0.13999999999999999
579,popularidade,0.8,0.22333333333333333
580,popularidade,0.8,0.5666666666666667
581,popularidade,0.8,0.22333333333333333
582,popularidade,0.4,0.24
583,popularidade,0.4,0.24
584,popularidade,0.8,0.3666666666666666
585,popularidade,0.8,0.31666666666666665
586,popularidade,0.4,0.09
587,popularidade,0.8,0.22333333333333333
588,popularidade,0.8,0.31666666666666665
589,popularidade,0.8,0.5666666666666667
590,popularidade,0.8,0.31666666666666665
591,popularidade,0.0,0.0
592,popularidade,0.4,0.13999999999999999
593,popularidade,0.8,0.22333333333333333
594,popularidade,0.8,0.22333333333333333
595,popularidade,0.8,0.22333333333333333
596,popularidade,0.2,0.04
597,popularidade,0.8,0.3666666666666666
598,popularidade,0.8,0.22333333333333333
599,popularidade,0.4,0.13999999999999999
600,popularidade,0.8,0.22333333333333333
601,popularidade,0.8,0.31666666666666665
602,popularidade,1.0,0.5066666666666666
603,popularidade,0.8,0.3666666666666666
604,popularidade,0.6,0.13
605,popularidade,1.0,0.5066666666666666
606,popularidade,0.8,0.22333333333333333
607,popularidade,0.8,0.3666666666666666
608,popularidade,0.6,0.19
609,popularidade,0.2,0.05
610,popularidade,0.8,0.22333333333333333
611,popularidade,0.8,0.3666666666666666
612,popularidade,0.8,0.22333333333333333
613,popularidade,0.8,0.31666666666666665
614,popularidade,0.8,0.22333333333333333
615,popularidade,0.4,0.1
616,popularidade,0.8,0.22333333333333333
617,popularidade,0.8,0.22333333333333333
618,popularidade,0.2,0.05
619,popularidade,0.8,0.5666666666666667
620,popularidade,0.8,0.22333333333333333
621,popularidade,0.8,0.5333333333333333
622,popularidade,0.8,0.3666666666666666
623,popularidade,0.4,0.13999999999999999
624,popularidade,0.8,0.22333333333333333
625,popularidade,1.0,0.3833333333333333
626,popularidade,0.8,0.31666666666666665
627,popularidade,0.4,0.08
628,popularidade,0.8,0.22333333333333333
629,popularidade,0.8,0.22333333333333333
630,popularidade,0.8,0.3666666666666666
631,popularidade,0.8,0.31666666666666665
632,popularidade,0.8,0.22333333333333333
633,popularidade,0.2,0.04
634,popularidade,0.4,0.24
635,popularidade,0.8,0.22333333333333333
636,popularidade,0.8,0.5666666666666667
637,popularidade,0.8,0.31666666666666665
638,popularidade,1.0,0.2633333333333333
639,popularidade,0.8,0.5333333333333333
640,popularidade,0.8,0.22333333333333333
641,popularidade,1.0,0.3233333333333333
642,popularidade,1.0,0.3833333333333333
643,popularidade,0.8,0.22333333333333333
644,popularidade,0.8,0.22333333333333333
645,popularidade,0.4,0.13999999999999999
646,popularidade,0.8,0.5666666666666667
647,popularidade,1.0,0.2633333333333333
648,popularidade,0.6,0.19
649,popularidade,0.8,0.22333333333333333
650,popularidade,0.8,0.22333333333333333
651,popularidade,0.2,0.04
652,popularidade,0.8,0.31666666666666665
653,popularidade,0.8,0.3666666666666666
654,popularidade,1.0,0.2633333333333333
655,popularidade,1.0,0.3233333333333333
656,popularidade,0.8,0.5666666666666667
657,popularidade,0.8,0.22333333333333333
658,popularidade,0.8,0.5666666666666667
659,popularidade,1.0,0.3233333333333333
660,popularidade,0.8,0.22333333333333333
661,popularidade,0.8,0.31666666666666665
662,popularidade,0.8,0.31666666666666665
663,popularidade,1.0,0.5066666666666666
664,popularidade,0.8,0.3666666666666666
665,popularidade,0.6,0.19
666,popularidade,0.6,0.19
667,popularidade,0.8,0.31666666666666665
668,popularidade,0.8,0.22333333333333333
669,popularidade,0.8,0.5333333333333333
670,popularidade,0.8,0.31666666666666665
671,popularidade,0.8,0.31666666666666665
672,popularidade,1.0,0.2633333333333333
673,popularidade,0.8,0.22333333333333333
674,popularidade,1.0,0.5066666666666666
675,popularidade,0.2,0.1
676,popularidade,0.8,0.3666666666666666
677,popularidade,0.4,0.24
678,popularidade,0.4,0.08
679,popularidade,0.0,0.0
680,popularidade,0.8,0.3666666666666666
681,popularidade,0.2,0.04
682,popularidade,0.8,0.5666666666666667
683,popularidade,0.8,0.31666666666666665
684,popularidade,0.8,0.22333333333333333
685,popularidade,0.4,0.08
686,popularidade,1.0,0.2633333333333333
687,popularidade,0.8,0.3666666666666666
688,popularidade,0.2,0.05
689,popularidade,0.8,0.5666666666666667
690,popularidade,0.8,0.31666666666666665
691,popularidade,0.0,0.0
692,popularidade,0.2,0.04
693,popularidade,0.8,0.22333333333333333
694,popularidade,0.2,0.05
695,popularidade,0.8,0.3666666666666666
696,popularidade,1.0,0.5066666666666666
697,popularidade,0.8,0.22333333333333333
698,popularidade,0.0,0.0
699,popularidade,0.8,0.5666666666666667
700,popularidade,0.0,0.0
701,popularidade,0.8,0.31666666666666665
702,popularidade,0.6,0.19
703,popularidade,0.8,0.22333333333333333
704,popularidade,0.0,0.0
705,popularidade,1.0,0.3233333333333333
706,popularidade,0.8,0.31666666666666665
707,popularidade,0.0,0.0
708,popularidade,0.8,0.5333333333333333
709,popularidade,1.0,0.3833333333333333
710,popularidade,1.0,0.5066666666666666
711,popularidade,0.2,0.04
712,popularidade,0.0,0.0
713,popularidade,1.0,0.2633333333333333
714,popularidade,0.0,0.0
715,popularidade,0.0,0.0
716,popularidade,1.0,0.2633333333333333
717,popularidade,0.0,0.0
718,popularidade,1.0,0.5066666666666666
719,popularidade,1.0,0.2633333333333333
720,popularidade,0.8,0.5666666666666667
721,popularidade,0.8,0.31666666666666665
722,popularidade,0.4,0.13999999999999999
723,popularidade,0.8,0.3666666666666666
724,popularidade,0.0,0.0
725,popularidade,0.4,0.13999999999999999
726,popularidade,0.8,0.22333333333333333
727,popularidade,0.0,0.0
728,popularidade,0.8,0.22333333333333333
729,popularidade,0.8,0.22333333333333333
730,popularidade,0.4,0.13999999999999999
731,popularidade,0.8,0.31666666666666665
732,popularidade,0.8,0.31666666666666665
733,popularidade,0.8,0.31666666666666665
734,popularidade,0.8,0.31666666666666665
735,popularidade,0.8,0.31666666666666665
736,popularidade,0.8,0.22333333333333333
737,popularidade,0.4,0.24
738,popularidade,0.8,0.22333333333333333
739,popularidade,1.0,0.2633333333333333
740,popularidade,0.2,0.04
741,popularidade,1.0,0.2633333333333333
742,popularidade,0.8,0.5666666666666667
743,popularidade,0.0,0.0
744,popularidade,0.4,0.13999999999999999
745,popularidade,1.0,0.2633333333333333
746,popularidade,0.4,0.24
747,popularidade,0.8,0.31666666666666665
748,popularidade,0.8,0.31666666666666665
749,popularidade,0.4,0.24
750,popularidade,0.0,0.0
751,popularidade,0.4,0.13999999999999999
752,popularidade,0.8,0.22333333333333333
753,popularidade,0.8,0.22333333333333333
754,popularidade,0.8,0.22333333333333333
755,popularidade,0.2,0.04
756,popularidade,0.2,0.04
757,popularidade,0.8,0.22333333333333333
758,popularidade,0.8,0.22333333333333333
759,popularidade,0.8,0.3666666666666666
760,popularidade,0.8,0.22333333333333333
761,popularidade,0.2,0.04
762,popularidade,0.8,0.3666666666666666
763,popularidade,0.8,0.5333333333333333
764,popularidade,1.0,0.2633333333333333
765,popularidade,0.8,0.5666666666666667
766,popularidade,0.8,0.22333333333333333
767,popularidade,0.8,0.3666666666666666
768,popularidade,1.0,0.5066666666666666
769,popularidade,0.8,0.22333333333333333
770,popularidade,0.8,0.22333333333333333
771,popularidade,0.2,0.04
772,popularidade,0.8,0.22333333333333333
773,popularidade,0.8,0.31666666666666665
774,popularidade,1.0,0.5066666666666666
775,popularidade,0.8,0.3666666666666666
776,popularidade,0.4,0.08
777,popularidade,0.4,0.08
778,popularidade,0.8,0.31666666666666665
779,popularidade,0.8,0.22333333333333333
780,popularidade,0.8,0.31666666666666665
781,popularidade,0.2,0.04
782,popularidade,1.0,0.5066666666666666
783,popularidade,0.8,0.22333333333333333
784,popularidade,1.0,0.45
785,popularidade,0.8,0.5666666666666667
786,popularidade,0.8,0.22333333333333333
787,popularidade,0.8,0.5666666666666667
788,popularidade,0.8,0.5666666666666667
789,popularidade,0.8,0.31666666666666665
790,popularidade,0.8,0.22333333333333333
791,popularidade,0.8,0.3666666666666666
792,popularidade,0.8,0.31666666666666665
793,popularidade,0.8,0.31666666666666665
794,popularidade,0.8,0.22333333333333333
795,popularidade,0.4,0.11666666666666665
796,popularidade,0.4,0.08
797,popularidade,0.6,0.13
798,popularidade,1.0,0.2633333333333333
799,popularidade,0.0,0.0
800,popularidade,0.0,0.0
801,popularidade,0.8,0.31666666666666665
802,popularidade,0.8,0.3666666666666666
803,popularidade,0.8,0.22333333333333333
804,popularidade,1.0,0.2633333333333333
805,popularidade,0.8,0.22333333333333333
806,popularidade,0.8,0.22333333333333333
807,popularidade,0.4,0.24
808,popularidade,0.0,0.0
809,popularidade,0.8,0.3666666666666666
810,popularidade,0.8,0.22333333333333333
811,popularidade,0.8,0.3666666666666666
812,popularidade,0.8,0.5666666666666667
813,popularidade,0.8,0.22333333333333333
814,popularidade,0.8,0.3666666666666666
815,popularidade,0.8,0.22333333333333333
816,popularidade,0.0,0.0
817,popularidade,0.8,0.31666666666666665
818,popularidade,0.8,0.5666666666666667
819,popularidade,0.8,0.22333333333333333
820,popularidade,0.8,0.22333333333333333
821,popularidade,1.0,0.3833333333333333
822,popularidade,0.2,0.04
823,popularidade,0.8,0.3666666666666666
824,popularidade,0.8,0.31666666666666665
825,popularidade,0.8,0.5666666666666667
826,popularidade,0.8,0.22333333333333333
827,popularidade,0.8,0.3666666666666666
828,popularidade,0.2,0.04
829,popularidade,0.0,0.0
830,popularidade,0.8,0.31666666666666665
831,popularidade,0.8,0.22333333333333333
832,popularidade,1.0,0.3233333333333333
833,popularidade,0.8,0.3666666666666666
834,popularidade,0.8,0.22333333333333333
835,popularidade,0.0,0.0
836,popularidade,0.8,0.3666666666666666
837,popularidade,0.0,0.0
838,popularidade,0.8,0.5666666666666667
839,popularidade,0.4,0.24
840,popularidade,0.4,0.18333333333333332
841,popularidade,0.8,0.5666666666666667
842,popularidade,0.0,0.0
843,popularidade,0.2,0.04
844,popularidade,0.0,0.0
845,popularidade,0.8,0.31666666666666665
846,popularidade,0.0,0.0
847,popularidade,0.6,0.19
848,popularidade,0.0,0.0
849,popularidade,0.8,0.3666666666666666
850,popularidade,1.0,0.5066666666666666
851,popularidade,1.0,0.2633333333333333
852,popularidade,1.0,0.5066666666666666
853,popularidade,0.6,0.19
854,popularidade,0.4,0.13999999999999999
855,popularidade,0.0,0.0
856,popularidade,0.4,0.13999999999999999
857,popularidade,0.8,0.31666666666666665
858,popularidade,0.8,0.22333333333333333
859,popularidade,0.8,0.22333333333333333
860,popularidade,0.8,0.22333333333333333
861,popularidade,0.4,0.13999999999999999
862,popularidade,0.8,0.22333333333333333
863,popularidade,0.8,0.31666666666666665
864,popularidade,0.8,0.22333333333333333
865,popularidade,0.4,0.13999999999999999
866,popularidade,0.8,0.31666666666666665
867,popularidade,1.0,0.2633333333333333
868,popularidade,0.8,0.5666666666666667
869,popularidade,0.4,0.11666666666666665
870,popularidade,0.8,0.22333333333333333
871,popularidade,0.8,0.22333333333333333
872,popularidade,1.0,0.36666666666666664
873,popularidade,1.0,0.2633333333333333
874,popularidade,0.8,0.22333333333333333
875,popularidade,0.0,0.0
876,popularidade,0.2,0.05
877,popularidade,0.8,0.22333333333333333
878,popularidade,0.8,0.22333333333333333
879,popularidade,0.8,0.31666666666666665
880,popularidade,0.8,0.5666666666666667
881,popularidade,0.8,0.5666666666666667
882,popularidade,0.8,0.3666666666666666
883,popularidade,0.8,0.5666666666666667
884,popularidade,1.0,0.2633333333333333
885,popularidade,0.8,0.3666666666666666
886,popularidade,0.8,0.5666666666666667
887,popularidade,0.4,0.13999999999999999
888,popularidade,1.0,0.5066666666666666
889,popularidade,1.0,0.3233333333333333
890,popularidade,0.8,0.22333333333333333
891,popularidade,0.4,0.13999999999999999
892,popularidade,0.2,0.04
893,popularidade,1.0,0.5066666666666666
894,popularidade,0.8,0.31666666666666665
895,popularidade,0.8,0.5333333333333333
896,popularidade,1.0,0.5066666666666666
897,popularidade,0.8,0.22333333333333333
898,popularidade,1.0,0.3833333333333333
899,popularidade,0.0,0.0
900,popularidade,0.4,0.1
901,popularidade,1.0,0.5066666666666666
902,popularidade,0.2,0.04
903,popularidade,0.8,0.22333333333333333
904,popularidade,0.8,0.31666666666666665
905,popularidade,0.8,0.31666666666666665
906,popularidade,0.4,0.09
907,popularidade,0.8,0.22333333333333333
908,popularidade,0.6,0.19
909,popularidade,0.6,0.25
910,popularidade,0.8,0.22333333333333333
911,popularidade,0.8,0.22333333333333333
912,popularidade,0.2,0.04
913,popularidade,0.8,0.31666666666666665
914,popularidade,0.4,0.13999999999999999
915,popularidade,0.8,0.22333333333333333
916,popularidade,0.8,0.5666666666666667
917,popularidade,0.8,0.5666666666666667
918,popularidade,1.0,0.5066666666666666
919,popularidade,0.2,0.04
920,popularidade,0.2,0.04
921,popularidade,0.8,0.3666666666666666
922,popularidade,0.8,0.3666666666666666
923,popularidade,0.8,0.22333333333333333
924,popularidade,1.0,0.3233333333333333
925,popularidade,0.8,0.22333333333333333
926,popularidade,0.8,0.3666666666666666
927,popularidade,0.4,0.13999999999999999
928,popularidade,1.0,0.45
929,popularidade,0.8,0.22333333333333333
930,popularidade,1.0,0.3233333333333333
931,popularidade,1.0,0.5066666666666666
932,popularidade,0.0,0.0
933,popularidade,0.8,0.5666666666666667
934,popularidade,0.8,0.5666666666666667
935,popularidade,0.8,0.22333333333333333
936,popularidade,0.8,0.22333333333333333
937,popularidade,0.8,0.31666666666666665
938,popularidade,0.8,0.3666666666666666
939,popularidade,0.8,0.3666666666666666
940,popularidade,0.8,0.22333333333333333
941,popularidade,0.8,0.5666666666666667
942,popularidade,1.0,0.2633333333333333
943,popularidade,1.0,0.2633333333333333
944,popularidade,1.0,0.3833333333333333
945,popularidade,0.8,0.31666666666666665
946,popularidade,0.8,0.5666666666666667
947,popularidade,0.2,0.04
948,popularidade,0.0,0.0
949,popularidade,0.8,0.3666666666666666
950,popularidade,0.8,0.22333333333333333
951,popularidade,0.6,0.19
952,popularidade,0.8,0.22333333333333333
953,popularidade,0.8,0.3666666666666666
954,popularidade,0.8,0.3666666666666666
955,popularidade,0.8,0.31666666666666665
956,popularidade,0.2,0.04
957,popularidade,1.0,0.2633333333333333
958,popularidade,0.8,0.3666666666666666
959,popularidade,0.2,0.04
960,popularidade,0.8,0.3666666666666666
961,popularidade,0.0,0.0
962,popularidade,0.8,0.31666666666666665
963,popularidade,0.4,0.13999999999999999
964,popularidade,1.0,0.2633333333333333
965,popularidade,0.8,0.31666666666666665
966,popularidade,1.0,0.2633333333333333
967,popularidade,0.8,0.22333333333333333
968,popularidade,1.0,0.5066666666666666
969,popularidade,0.0,0.0
970,popularidade,0.4,0.11666666666666665
971,popularidade,0.8,0.22333333333333333
972,popularidade,0.4,0.11666666666666665
973,popularidade,0.0,0.0
974,popularidade,0.8,0.5333333333333333
975,popularidade,0.8,0.22333333333333333
976,popularidade,0.0,0.0
977,popularidade,0.4,0.11666666666666665
978,popularidade,0.8,0.31666666666666665
979,popularidade,0.6,0.19
980,popularidade,0.8,0.3666666666666666
981,popularidade,0.8,0.5666666666666667
982,popularidade,0.4,0.24
983,popularidade,0.6,0.19
984,popularidade,0.2,0.04
985,popularidade,0.6,0.19
986,popularidade,1.0,0.2633333333333333
987,popularidade,0.8,0.3666666666666666
988,popularidade,1.0,0.36666666666666664
989,popularidade,0.8,0.3666666666666666
990,popularidade,0.8,0.22333333333333333
991,popularidade,0.2,0.04
992,popularidade,0.2,0.04
993,popularidade,0.8,0.22333333333333333
994,popularidade,0.0,0.0
995,popularidade,0.8,0.22333333333333333
996,popularidade,0.8,0.31666666666666665
997,popularidade,0.8,0.22333333333333333
998,popularidade,0.8,0.31666666666666665
999,popularidade,0.4,0.09
0,aleatorio,0.8,0.6666666666666666
1,aleatorio,0.6,0.1833333333333333
2,aleatorio,0.6,0.2
3,aleatorio,0.8,0.3333333333333333
4,aleatorio,0.6,0.2333333333333333
5,aleatorio,1.0,0.39
6,aleatorio,0.6,0.2
7,aleatorio,0.4,0.1
8,aleatorio,0.6,0.13
9,aleatorio,0.6,0.2333333333333333
10,aleatorio,1.0,0.49000000000000005
11,aleatorio,0.8,0.26666666666666666
12,aleatorio,0.0,0.0
13,aleatorio,0.8,0.18666666666666668
14,aleatorio,0.4,0.18333333333333332
15,aleatorio,1.0,0.30666666666666664
16,aleatorio,0.4,0.13999999999999999
17,aleatorio,1.0,0.4666666666666666
18,aleatorio,0.4,0.09
19,aleatorio,1.0,0.26999999999999996
20,aleatorio,0.8,0.39999999999999997
21,aleatorio,0.8,0.2533333333333333
22,aleatorio,0.6,0.15
23,aleatorio,0.0,0.0
24,aleatorio,0.8,0.26666666666666666
25,aleatorio,0.6,0.24
26,aleatorio,0.8,0.30666666666666664
27,aleatorio,0.8,0.22000000000000003
28,aleatorio,0.8,0.19666666666666668
29,aleatorio,0.2,0.04
30,aleatorio,1.0,0.27
31,aleatorio,1.0,0.23666666666666666
32,aleatorio,0.8,0.17
33,aleatorio,1.0,0.44000000000000006
34,aleatorio,0.6,0.2
35,aleatorio,0.8,0.4133333333333334
36,aleatorio,0.6,0.12000000000000002
37,aleatorio,1.0,0.27999999999999997
38,aleatorio,0.8,0.24666666666666665
39,aleatorio,1.0,0.27999999999999997
40,aleatorio,0.4,0.13333333333333333
41,aleatorio,0.2,0.1
42,aleatorio,0.8,0.21999999999999997
43,aleatorio,1.0,0.21000000000000002
44,aleatorio,0.0,0.0
45,aleatorio,0.8,0.3
46,aleatorio,0.8,0.24
47,aleatorio,0.2,0.04
48,aleatorio,0.0,0.0
49,aleatorio,0.4,0.08
50,aleatorio,0.8,0.2533333333333333
51,aleatorio,0.6,0.13999999999999999
52,aleatorio,0.8,0.3466666666666666
53,aleatorio,0.6,0.4
54,aleatorio,1.0,0.25666666666666665
55,aleatorio,0.6,0.12000000000000002
56,aleatorio,0.8,0.19666666666666663
57,aleatorio,0.8,0.18666666666666668
58,aleatorio,0.2,0.1
59,aleatorio,1.0,0.3233333333333333
60,aleatorio,0.2,0.04
61,aleatorio,0.0,0.0
62,aleatorio,0.6,0.1833333333333333
63,aleatorio,0.4,0.1
64,aleatorio,0.6,0.15
65,aleatorio,1.0,0.26666666666666666
66,aleatorio,0.6,0.18
67,aleatorio,0.8,0.22999999999999998
68,aleatorio,0.8,0.18
69,aleatorio,0.2,0.05
70,aleatorio,0.0,0.0
71,aleatorio,0.8,0.36666666666666664
72,aleatorio,0.4,0.1
73,aleatorio,0.6,0.18333333333333332
74,aleatorio,1.0,0.23666666666666666
75,aleatorio,0.2,0.05
76,aleatorio,0.8,0.2
77,aleatorio,1.0,0.29
78,aleatorio,0.0,0.0
79,aleatorio,0.4,0.2
80,aleatorio,0.6,0.16666666666666666
81,aleatorio,0.2,0.05
82,aleatorio,0.8,0.2333333333333333
83,aleatorio,0.8,0.2533333333333333
84,aleatorio,1.0,0.22000000000000003
85,aleatorio,0.6,0.13
86,aleatorio,0.2,0.06666666666666667
87,aleatorio,0.8,0.18666666666666668
88,aleatorio,1.0,0.3666666666666666
89,aleatorio,0.6,0.36666666666666664
90,aleatorio,0.8,0.18
91,aleatorio,0.8,0.26666666666666666
92,aleatorio,1.0,0.25
93,aleatorio,0.6,0.15666666666666668
94,aleatorio,1.0,0.2533333333333333
95,aleatorio,0.4,0.13333333333333333
96,aleatorio,0.6,0.25
97,aleatorio,0.6,0.2333333333333333
98,aleatorio,0.8,0.4333333333333333
99,aleatorio,0.8,0.2333333333333333
100,aleatorio,1.0,0.24666666666666665
101,aleatorio,0.4,0.08
102,aleatorio,0.8,0.24
103,aleatorio,0.8,0.24666666666666667
104,aleatorio,0.6,0.3
105,aleatorio,0.8,0.29
106,aleatorio,0.6,0.29
107,aleatorio,1.0,0.5166666666666666
108,aleatorio,0.6,0.15
109,aleatorio,0.2,0.04
110,aleatorio,0.6,0.12000000000000002
111,aleatorio,0.8,0.26666666666666666
112,aleatorio,1.0,0.30333333333333334
113,aleatorio,1.0,0.38
114,aleatorio,0.4,0.1
115,aleatorio,0.2,0.06666666666666667
116,aleatorio,1.0,0.26999999999999996
117,aleatorio,1.0,0.22000000000000003
118,aleatorio,0.4,0.13999999999999999
119,aleatorio,0.8,0.16
120,aleatorio,0.0,0.0
121,aleatorio,0.6,0.5
122,aleatorio,0.2,0.2
123,aleatorio,0.8,0.18
124,aleatorio,0.4,0.11666666666666665
125,aleatorio,0.6,0.18
126,aleatorio,0.8,0.2
127,aleatorio,0.8,0.27999999999999997
128,aleatorio,0.8,0.2
129,aleatorio,0.6,0.22333333333333333
130,aleatorio,0.8,0.26666666666666666
131,aleatorio,1.0,0.27999999999999997
132,aleatorio,0.4,0.09
133,aleatorio,0.8,0.26666666666666666
134,aleatorio,1.0,0.35
135,aleatorio,0.4,0.10666666666666666
136,aleatorio,0.6,0.14666666666666667
137,aleatorio,1.0,0.22000000000000003
138,aleatorio,0.4,0.1
139,aleatorio,0.8,0.24
140,aleatorio,0.8,0.16
141,aleatorio,0.4,0.16666666666666666
142,aleatorio,0.4,0.13999999999999999
143,aleatorio,0.8,0.19
144,aleatorio,0.6,0.12000000000000002
145,aleatorio,0.2,0.06666666666666667
146,aleatorio,0.2,0.05
147,aleatorio,0.8,0.22333333333333333
148,aleatorio,0.8,0.18666666666666668
149,aleatorio,0.6,0.2333333333333333
150,aleatorio,0.6,0.20666666666666664
151,aleatorio,0.2,0.1
152,aleatorio,0.8,0.22999999999999998
153,aleatorio,0.4,0.10666666666666666
154,aleatorio,0.6,0.2
155,aleatorio,0.4,0.11666666666666665
156,aleatorio,0.8,0.4333333333333333
157,aleatorio,0.6,0.13
158,aleatorio,0.2,0.1
159,aleatorio,0.6,0.1833333333333333
160,aleatorio,0.4,0.13999999999999999
161,aleatorio,0.4,0.08
162,aleatorio,0.8,0.36666666666666664
163,aleatorio,0.6,0.36666666666666664
164,aleatorio,0.6,0.19
165,aleatorio,1.0,0.4
166,aleatorio,0.6,0.13999999999999999
167,aleatorio,0.4,0.13333333333333333
168,aleatorio,0.6,0.15
169,aleatorio,1.0,0.26
170,aleatorio,0.0,0.0
171,aleatorio,0.6,0.15
172,aleatorio,1.0,0.32333333333333336
173,aleatorio,0.6,0.19
174,aleatorio,0.8,0.2
175,aleatorio,0.8,0.21666666666666665
176,aleatorio,0.8,0.31999999999999995
177,aleatorio,0.2,0.1
178,aleatorio,0.4,0.15
179,aleatorio,1.0,0.26
180,aleatorio,0.8,0.4333333333333333
181,aleatorio,1.0,0.25666666666666665
182,aleatorio,1.0,0.45
183,aleatorio,0.4,0.1
184,aleatorio,0.6,0.36666666666666664
185,aleatorio,0.6,0.18
186,aleatorio,0.6,0.30666666666666664
187,aleatorio,0.2,0.06666666666666667
188,aleatorio,0.6,0.36666666666666664
189,aleatorio,0.6,0.18
190,aleatorio,1.0,0.5
191,aleatorio,1.0,0.24666666666666665
192,aleatorio,0.2,0.06666666666666667
193,aleatorio,1.0,0.27999999999999997
194,aleatorio,1.0,0.26
195,aleatorio,1.0,0.3333333333333333
196,aleatorio,0.8,0.3
197,aleatorio,0.8,0.22999999999999998
198,aleatorio,0.8,0.17
199,aleatorio,1.0,0.30333333333333334
200,aleatorio,1.0,0.39999999999999997
201,aleatorio,0.8,0.24
202,aleatorio,1.0,0.38
203,aleatorio,1.0,0.5666666666666667
204,aleatorio,1.0,0.31333333333333335
205,aleatorio,0.4,0.08
206,aleatorio,0.8,0.26666666666666666
207,aleatorio,1.0,0.3133333333333333
208,aleatorio,1.0,0.27999999999999997
209,aleatorio,0.4,0.13999999999999999
210,aleatorio,0.8,0.22999999999999998
211,aleatorio,0.8,0.16
212,aleatorio,0.8,0.18
213,aleatorio,0.2,0.04
214,aleatorio,0.6,0.14666666666666667
215,aleatorio,1.0,0.29333333333333333
216,aleatorio,0.8,0.22333333333333333
217,aleatorio,1.0,0.26999999999999996
218,aleatorio,0.8,0.25666666666666665
219,aleatorio,1.0,0.22666666666666666
220,aleatorio,0.2,0.05
221,aleatorio,0.8,0.2333333333333333
222,aleatorio,0.6,0.1833333333333333
223,aleatorio,0.6,0.18
224,aleatorio,0.8,0.33999999999999997
225,aleatorio,0.8,0.3333333333333333
226,aleatorio,1.0,0.22666666666666666
227,aleatorio,0.4,0.11666666666666665
228,aleatorio,0.8,0.2633333333333333
229,aleatorio,0.8,0.24666666666666667
230,aleatorio,0.6,0.18
231,aleatorio,0.8,0.20666666666666664
232,aleatorio,1.0,0.38
233,aleatorio,0.8,0.2533333333333333
234,aleatorio,1.0,0.3333333333333333
235,aleatorio,1.0,0.37
236,aleatorio,1.0,0.30666666666666664
237,aleatorio,0.6,0.25
238,aleatorio,0.6,0.12000000000000002
239,aleatorio,0.4,0.08
240,aleatorio,1.0,0.37
241,aleatorio,0.8,0.27999999999999997
242,aleatorio,0.2,0.04
243,aleatorio,0.6,0.22333333333333333
244,aleatorio,0.8,0.3
245,aleatorio,0.4,0.10666666666666666
246,aleatorio,0.8,0.21999999999999997
247,aleatorio,0.6,0.13999999999999999
248,aleatorio,1.0,0.23666666666666666
249,aleatorio,1.0,0.30333333333333334
250,aleatorio,1.0,0.45
251,aleatorio,0.4,0.08
252,aleatorio,0.8,0.18
253,aleatorio,0.8,0.21666666666666665
254,aleatorio,0.6,0.4666666666666666
255,aleatorio,0.8,0.22999999999999998
256,aleatorio,1.0,0.26999999999999996
257,aleatorio,1.0,0.4333333333333333
258,aleatorio,0.6,0.15
259,aleatorio,0.8,0.36666666666666664
260,aleatorio,0.6,0.12000000000000002
261,aleatorio,0.6,0.21333333333333332
262,aleatorio,0.4,0.13999999999999999
263,aleatorio,1.0,0.27999999999999997
264,aleatorio,0.8,0.22000000000000003
265,aleatorio,0.8,0.29
266,aleatorio,1.0,0.4166666666666667
267,aleatorio,1.0,0.4
268,aleatorio,0.8,0.26666666666666666
269,aleatorio,0.6,0.36666666666666664
270,aleatorio,0.0,0.0
271,aleatorio,0.0,0.0
272,aleatorio,0.8,0.18666666666666668
273,aleatorio,1.0,0.3333333333333333
274,aleatorio,0.4,0.13333333333333333
275,aleatorio,0.2,0.05
276,aleatorio,1.0,0.6333333333333333
277,aleatorio,0.4,0.26666666666666666
278,aleatorio,0.2,0.13333333333333333
279,aleatorio,0.8,0.2
280,aleatorio,0.6,0.2333333333333333
281,aleatorio,0.8,0.18
282,aleatorio,0.6,0.2333333333333333
283,aleatorio,0.6,0.18
284,aleatorio,1.0,0.30666666666666664
285,aleatorio,1.0,0.3333333333333333
286,aleatorio,0.6,0.13
287,aleatorio,1.0,0.2633333333333333
288,aleatorio,0.8,0.45
289,aleatorio,0.6,0.31666666666666665
290,aleatorio,1.0,0.33999999999999997
291,aleatorio,0.8,0.26666666666666666
292,aleatorio,1.0,0.31666666666666665
293,aleatorio,0.8,0.16
294,aleatorio,0.6,0.13999999999999999
295,aleatorio,0.6,0.21666666666666665
296,aleatorio,0.6,0.16666666666666666
297,aleatorio,0.8,0.29999999999999993
298,aleatorio,0.8,0.20666666666666664
299,aleatorio,1.0,0.5166666666666666
300,aleatorio,0.6,0.19
301,aleatorio,1.0,0.26666666666666666
302,aleatorio,1.0,0.36666666666666664
303,aleatorio,0.8,0.21666666666666665
304,aleatorio,0.8,0.22333333333333333
305,aleatorio,0.6,0.2333333333333333
306,aleatorio,1.0,0.29666666666666663
307,aleatorio,0.8,0.21666666666666665
308,aleatorio,0.8,0.22999999999999998
309,aleatorio,0.2,0.1
310,aleatorio,0.6,0.3
311,aleatorio,0.8,0.22999999999999998
312,aleatorio,1.0,0.27999999999999997
313,aleatorio,0.8,0.39999999999999997
314,aleatorio,1.0,0.21000000000000002
315,aleatorio,1.0,0.26666666666666666
316,aleatorio,0.2,0.05
317,aleatorio,0.8,0.20666666666666664
318,aleatorio,0.4,0.1
319,aleatorio,0.8,0.3333333333333333
320,aleatorio,0.2,0.05
321,aleatorio,0.4,0.09
322,aleatorio,0.8,0.2333333333333333
323,aleatorio,1.0,0.24666666666666667
324,aleatorio,0.2,0.05
325,aleatorio,0.2,0.04
326,aleatorio,0.0,0.0
327,aleatorio,0.8,0.22999999999999998
328,aleatorio,1.0,0.5166666666666666
329,aleatorio,0.6,0.13
330,aleatorio,0.2,0.05
331,aleatorio,0.4,0.1
332,aleatorio,0.4,0.09
333,aleatorio,0.8,0.2333333333333333
334,aleatorio,0.8,0.22000000000000003
335,aleatorio,0.6,0.24
336,aleatorio,0.8,0.26666666666666666
337,aleatorio,0.4,0.13999999999999999
338,aleatorio,0.8,0.25666666666666665
339,aleatorio,0.4,0.2
340,aleatorio,0.8,0.22999999999999998
341,aleatorio,0.8,0.17
342,aleatorio,0.8,0.30666666666666664
343,aleatorio,1.0,0.29
344,aleatorio,0.8,0.2833333333333333
345,aleatorio,0.8,0.22999999999999998
346,aleatorio,0.4,0.08
347,aleatorio,0.8,0.29999999999999993
348,aleatorio,0.2,0.1
349,aleatorio,0.8,0.31666666666666665
350,aleatorio,1.0,0.2833333333333333
351,aleatorio,0.6,0.18
352,aleatorio,0.8,0.4333333333333333
353,aleatorio,1.0,0.2
354,aleatorio,1.0,0.26666666666666666
355,aleatorio,1.0,0.2833333333333333
356,aleatorio,0.6,0.14666666666666667
357,aleatorio,0.2,0.1
358,aleatorio,1.0,0.26999999999999996
359,aleatorio,0.8,0.31666666666666665
360,aleatorio,1.0,0.3666666666666666
361,aleatorio,0.8,0.24
362,aleatorio,0.2,0.04
363,aleatorio,1.0,0.4066666666666666
364,aleatorio,0.6,0.18333333333333332
365,aleatorio,1.0,0.35
366,aleatorio,0.6,0.14666666666666667
367,aleatorio,0.2,0.04
368,aleatorio,0.8,0.22999999999999998
369,aleatorio,0.4,0.15
370,aleatorio,0.4,0.13333333333333333
371,aleatorio,0.8,0.3
372,aleatorio,0.8,0.2833333333333333
373,aleatorio,0.8,0.17
374,aleatorio,0.8,0.24666666666666665
375,aleatorio,0.6,0.13
376,aleatorio,0.2,0.04
377,aleatorio,0.8,0.17
378,aleatorio,0.4,0.17333333333333334
379,aleatorio,0.8,0.2533333333333333
380,aleatorio,0.8,0.3
381,aleatorio,1.0,0.39999999999999997
382,aleatorio,0.8,0.19666666666666668
383,aleatorio,0.8,0.29999999999999993
384,aleatorio,0.6,0.19
385,aleatorio,0.8,0.21666666666666665
386,aleatorio,0.2,0.04
387,aleatorio,0.8,0.26666666666666666
388,aleatorio,0.6,0.3333333333333333
389,aleatorio,0.4,0.08
390,aleatorio,1.0,0.43
391,aleatorio,0.8,0.29999999999999993
392,aleatorio,0.6,0.25
393,aleatorio,0.0,0.0
394,aleatorio,0.0,0.0
395,aleatorio,0.0,0.0
396,aleatorio,0.8,0.18
397,aleatorio,0.6,0.16666666666666666
398,aleatorio,0.6,0.2333333333333333
399,aleatorio,0.0,0.0
400,aleatorio,0.8,0.18666666666666668
401,aleatorio,0.8,0.17
402,aleatorio,0.8,0.18
403,aleatorio,0.8,0.2833333333333333
404,aleatorio,1.0,0.5333333333333333
405,aleatorio,0.4,0.13999999999999999
406,aleatorio,0.4,0.13999999999999999
407,aleatorio,1.0,0.21999999999999997
408,aleatorio,0.6,0.26666666666666666
409,aleatorio,0.8,0.25666666666666665
410,aleatorio,0.8,0.2
411,aleatorio,0.8,0.17
412,aleatorio,0.6,0.18
413,aleatorio,0.6,0.2333333333333333
414,aleatorio,0.4,0.1
415,aleatorio,0.4,0.1
416,aleatorio,0.4,0.08
417,aleatorio,0.2,0.06666666666666667
418,aleatorio,0.8,0.27999999999999997
419,aleatorio,0.0,0.0
420,aleatorio,0.0,0.0
421,aleatorio,1.0,0.45
422,aleatorio,1.0,0.2
423,aleatorio,1.0,0.6
424,aleatorio,0.6,0.19
425,aleatorio,0.6,0.21666666666666665
426,aleatorio,0.6,0.15
427,aleatorio,1.0,0.21999999999999997
428,aleatorio,1.0,0.4
429,aleatorio,0.6,0.13
430,aleatorio,1.0,0.37333333333333335
431,aleatorio,0.8,0.22000000000000003
432,aleatorio,0.6,0.2333333333333333
433,aleatorio,0.8,0.5333333333333333
434,aleatorio,0.8,0.2333333333333333
435,aleatorio,0.6,0.16666666666666666
436,aleatorio,1.0,0.32999999999999996
437,aleatorio,0.8,0.22999999999999998
438,aleatorio,0.8,0.18
439,aleatorio,0.8,0.26666666666666666
440,aleatorio,1.0,0.26666666666666666
441,aleatorio,1.0,0.4633333333333334
442,aleatorio,0.8,0.2833333333333333
443,aleatorio,0.8,0.3
444,aleatorio,0.6,0.24
445,aleatorio,0.8,0.2533333333333333
446,aleatorio,0.0,0.0
447,aleatorio,0.8,0.4333333333333333
448,aleatorio,0.8,0.18
449,aleatorio,0.2,0.06666666666666667
450,aleatorio,1.0,0.37333333333333335
451,aleatorio,0.8,0.16
452,aleatorio,0.8,0.36666666666666664
453,aleatorio,0.8,0.16
454,aleatorio,0.8,0.27999999999999997
455,aleatorio,0.4,0.13999999999999999
456,aleatorio,0.4,0.1
457,aleatorio,1.0,0.3833333333333333
458,aleatorio,0.0,0.0
459,aleatorio,1.0,0.26666666666666666
460,aleatorio,0.6,0.25
461,aleatorio,0.6,0.2
462,aleatorio,1.0,0.22666666666666666
463,aleatorio,1.0,0.42333333333333334
464,aleatorio,0.6,0.35
465,aleatorio,0.6,0.15
466,aleatorio,0.8,0.2633333333333333
467,aleatorio,1.0,0.5166666666666667
468,aleatorio,0.6,0.26666666666666666
469,aleatorio,0.6,0.24
470,aleatorio,1.0,0.22000000000000003
471,aleatorio,1.0,0.26666666666666666
472,aleatorio,1.0,0.2
473,aleatorio,0.4,0.08
474,aleatorio,0.6,0.13999999999999999
475,aleatorio,0.8,0.2633333333333333
476,aleatorio,0.8,0.3333333333333333
477,aleatorio,0.6,0.12000000000000002
478,aleatorio,1.0,0.2833333333333333
479,aleatorio,0.6,0.24
480,aleatorio,0.8,0.26666666666666666
481,aleatorio,0.8,0.27999999999999997
482,aleatorio,0.2,0.2
483,aleatorio,0.4,0.25
484,aleatorio,0.8,0.33999999999999997
485,aleatorio,1.0,0.4666666666666666
486,aleatorio,1.0,0.22999999999999998
487,aleatorio,0.6,0.13999999999999999
488,aleatorio,0.6,0.12000000000000002
489,aleatorio,0.8,0.4
490,aleatorio,0.8,0.24666666666666665
491,aleatorio,1.0,0.36666666666666664
492,aleatorio,0.8,0.26666666666666666
493,aleatorio,0.4,0.13999999999999999
494,aleatorio,1.0,0.32999999999999996
495,aleatorio,0.8,0.18666666666666668
496,aleatorio,0.8,0.30666666666666664
497,aleatorio,0.8,0.18
498,aleatorio,1.0,0.21000000000000002
499,aleatorio,0.8,0.17
500,aleatorio,0.8,0.3
501,aleatorio,0.8,0.35
502,aleatorio,0.2,0.05
503,aleatorio,0.0,0.0
504,aleatorio,1.0,0.55
505,aleatorio,0.6,0.15666666666666668
506,aleatorio,0.2,0.05
507,aleatorio,0.0,0.0
508,aleatorio,1.0,0.29666666666666663
509,aleatorio,0.6,0.12000000000000002
510,aleatorio,0.6,0.13
511,aleatorio,0.4,0.08
512,aleatorio,1.0,0.24666666666666667
513,aleatorio,1.0,0.21000000000000002
514,aleatorio,1.0,0.32999999999999996
515,aleatorio,0.4,0.09
516,aleatorio,0.6,0.18
517,aleatorio,1.0,0.5
518,aleatorio,1.0,0.22666666666666666
519,aleatorio,1.0,0.35
520,aleatorio,0.8,0.27999999999999997
521,aleatorio,0.8,0.24
522,aleatorio,0.4,0.13999999999999999
523,aleatorio,1.0,0.5
524,aleatorio,0.8,0.2733333333333333
525,aleatorio,0.8,0.26666666666666666
526,aleatorio,0.8,0.25
527,aleatorio,0.6,0.15666666666666668
528,aleatorio,1.0,0.5166666666666666
529,aleatorio,0.8,0.26666666666666666
530,aleatorio,0.4,0.1
531,aleatorio,0.6,0.18333333333333332
532,aleatorio,0.4,0.08
533,aleatorio,0.8,0.18666666666666668
534,aleatorio,1.0,0.24666666666666665
535,aleatorio,0.2,0.04
536,aleatorio,0.8,0.17
537,aleatorio,0.8,0.17
538,aleatorio,0.8,0.2733333333333333
539,aleatorio,0.0,0.0
540,aleatorio,0.2,0.1
541,aleatorio,0.8,0.22999999999999998
542,aleatorio,0.8,0.18
543,aleatorio,0.2,0.1
544,aleatorio,0.2,0.05
545,aleatorio,0.8,0.19666666666666668
546,aleatorio,0.8,0.22999999999999998
547,aleatorio,0.2,0.04
548,aleatorio,0.8,0.35
549,aleatorio,1.0,0.25999999999999995
550,aleatorio,0.6,0.16666666666666666
551,aleatorio,0.6,0.1833333333333333
552,aleatorio,0.8,0.2
553,aleatorio,0.6,0.18
554,aleatorio,0.8,0.29999999999999993
555,aleatorio,0.6,0.19
556,aleatorio,0.0,0.0
557,aleatorio,1.0,0.39
558,aleatorio,0.8,0.29
559,aleatorio,0.8,0.18666666666666668
560,aleatorio,0.6,0.2
561,aleatorio,0.6,0.21666666666666665
562,aleatorio,0.2,0.06666666666666667
563,aleatorio,0.4,0.13999999999999999
564,aleatorio,0.2,0.04
565,aleatorio,0.6,0.12000000000000002
566,aleatorio,0.0,0.0
567,aleatorio,1.0,0.26666666666666666
568,aleatorio,0.0,0.0
569,aleatorio,0.8,0.18
570,aleatorio,0.8,0.16
571,aleatorio,0.8,0.25
572,aleatorio,0.4,0.26666666666666666
573,aleatorio,1.0,0.29666666666666663
574,aleatorio,1.0,0.35
575,aleatorio,0.6,0.13
576,aleatorio,0.4,0.08
577,aleatorio,1.0,0.22666666666666666
578,aleatorio,0.4,0.13999999999999999
579,aleatorio,0.8,0.17
580,aleatorio,0.8,0.4333333333333333
581,aleatorio,1.0,0.2733333333333333
582,aleatorio,0.4,0.15
583,aleatorio,0.6,0.19
584,aleatorio,1.0,0.42000000000000004
585,aleatorio,0.8,0.36666666666666664
586,aleatorio,0.2,0.04
587,aleatorio,1.0,0.32999999999999996
588,aleatorio,0.4,0.11666666666666665
589,aleatorio,1.0,0.3333333333333333
590,aleatorio,0.8,0.3
591,aleatorio,0.4,0.2
592,aleatorio,0.2,0.04
593,aleatorio,1.0,0.25666666666666665
594,aleatorio,1.0,0.22666666666666666
595,aleatorio,0.8,0.17
596,aleatorio,0.2,0.04
597,aleatorio,0.6,0.16666666666666666
598,aleatorio,0.6,0.35
599,aleatorio,0.2,0.04
600,aleatorio,1.0,0.29
601,aleatorio,0.4,0.11666666666666665
602,aleatorio,0.8,0.22999999999999998
603,aleatorio,0.8,0.22999999999999998
604,aleatorio,0.4,0.08
605,aleatorio,1.0,0.32999999999999996
606,aleatorio,1.0,0.32999999999999996
607,aleatorio,1.0,0.29666666666666663
608,aleatorio,0.4,0.09
609,aleatorio,0.4,0.1
610,aleatorio,0.8,0.24
611,aleatorio,1.0,0.26
612,aleatorio,0.4,0.11666666666666665
613,aleatorio,0.8,0.36666666666666664
614,aleatorio,0.8,0.17
615,aleatorio,0.4,0.1
616,aleatorio,0.8,0.16
617,aleatorio,0.8,0.29
618,aleatorio,0.0,0.0
619,aleatorio,0.8,0.4333333333333333
620,aleatorio,0.8,0.29
621,aleatorio,0.4,0.2
622,aleatorio,0.8,0.30666666666666664
623,aleatorio,0.6,0.18
624,aleatorio,1.0,0.21000000000000002
625,aleatorio,0.8,0.3466666666666667
626,aleatorio,1.0,0.4666666666666666
627,aleatorio,0.2,0.04
628,aleatorio,1.0,0.27999999999999997
629,aleatorio,0.6,0.12000000000000002
630,aleatorio,0.8,0.16
631,aleatorio,1.0,0.5833333333333333
632,aleatorio,0.6,0.14666666666666667
633,aleatorio,0.4,0.08
634,aleatorio,0.4,0.09
635,aleatorio,0.8,0.24
636,aleatorio,0.4,0.16666666666666666
637,aleatorio,1.0,0.2833333333333333
638,aleatorio,0.8,0.21333333333333332
639,aleatorio,0.8,0.21666666666666665
640,aleatorio,1.0,0.21000000000000002
641,aleatorio,1.0,0.22999999999999998
642,aleatorio,0.8,0.25666666666666665
643,aleatorio,0.8,0.19666666666666668
644,aleatorio,0.4,0.09
645,aleatorio,0.2,0.1
646,aleatorio,0.8,0.4333333333333333
647,aleatorio,0.8,0.22000000000000003
648,aleatorio,0.4,0.24
649,aleatorio,0.8,0.24
650,aleatorio,0.8,0.31666666666666665
651,aleatorio,0.8,0.29
652,aleatorio,0.8,0.25
653,aleatorio,0.8,0.31333333333333335
654,aleatorio,0.8,0.24
655,aleatorio,0.6,0.15666666666666665
656,aleatorio,0.6,0.2333333333333333
657,aleatorio,0.8,0.20666666666666664
658,aleatorio,0.6,0.2333333333333333
659,aleatorio,0.8,0.22999999999999998
660,aleatorio,1.0,0.24666666666666667
661,aleatorio,0.8,0.3833333333333333
662,aleatorio,0.6,0.16666666666666666
663,aleatorio,0.8,0.38
664,aleatorio,0.4,0.15
665,aleatorio,0.0,0.0
666,aleatorio,0.8,0.22000000000000003
667,aleatorio,1.0,0.35
668,aleatorio,0.8,0.17
669,aleatorio,0.6,0.3333333333333333
670,aleatorio,0.6,0.25
671,aleatorio,0.8,0.2833333333333333
672,aleatorio,1.0,0.30666666666666664
673,aleatorio,0.6,0.21666666666666665
674,aleatorio,0.8,0.29
675,aleatorio,0.6,0.18
676,aleatorio,0.8,0.3666666666666666
677,aleatorio,0.4,0.08
678,aleatorio,0.2,0.04
679,aleatorio,0.4,0.16666666666666666
680,aleatorio,1.0,0.35666666666666663
681,aleatorio,0.4,0.08
682,aleatorio,0.4,0.2
683,aleatorio,1.0,0.3333333333333333
684,aleatorio,0.8,0.32999999999999996
685,aleatorio,0.2,0.04
686,aleatorio,0.8,0.21999999999999997
687,aleatorio,0.8,0.17
688,aleatorio,0.0,0.0
689,aleatorio,0.4,0.13333333333333333
690,aleatorio,0.8,0.2
691,aleatorio,0.0,0.0
692,aleatorio,0.4,0.08
693,aleatorio,0.8,0.30666666666666664
694,aleatorio,0.0,0.0
695,aleatorio,1.0,0.31333333333333335
696,aleatorio,1.0,0.4066666666666666
697,aleatorio,0.4,0.09
698,aleatorio,0.0,0.0
699,aleatorio,0.8,0.4333333333333333
700,aleatorio,0.4,0.13333333333333333
701,aleatorio,0.8,0.21666666666666665
702,aleatorio,0.4,0.13999999999999999
703,aleatorio,0.6,0.15666666666666665
704,aleatorio,0.4,0.16666666666666666
705,aleatorio,0.8,0.17
706,aleatorio,1.0,0.36666666666666664
707,aleatorio,0.0,0.0
708,aleatorio,0.6,0.16666666666666666
709,aleatorio,1.0,0.36333333333333334
710,aleatorio,1.0,0.2
711,aleatorio,0.4,0.08
712,aleatorio,0.2,0.06666666666666667
713,aleatorio,0.8,0.24
714,aleatorio,0.0,0.0
715,aleatorio,0.4,0.08
716,aleatorio,0.8,0.17
717,aleatorio,0.6,0.12000000000000002
718,aleatorio,0.8,0.33999999999999997
719,aleatorio,0.8,0.16
720,aleatorio,0.8,0.3333333333333333
721,aleatorio,0.8,0.2833333333333333
722,aleatorio,0.8,0.22999999999999998
723,aleatorio,0.8,0.33999999999999997
724,aleatorio,0.0,0.0
725,aleatorio,0.6,0.19
726,aleatorio,1.0,0.22000000000000003
727,aleatorio,0.2,0.06666666666666667
728,aleatorio,0.4,0.10666666666666666
729,aleatorio,0.8,0.2633333333333333
730,aleatorio,0.6,0.18
731,aleatorio,0.8,0.21666666666666665
732,aleatorio,0.8,0.2333333333333333
733,aleatorio,1.0,0.4333333333333333
734,aleatorio,0.8,0.21666666666666665
735,aleatorio,0.6,0.16666666666666666
736,aleatorio,0.6,0.13999999999999999
737,aleatorio,0.4,0.13999999999999999
738,aleatorio,0.8,0.22333333333333333
739,aleatorio,0.8,0.19
740,aleatorio,0.4,0.08
741,aleatorio,0.8,0.18
742,aleatorio,0.4,0.13333333333333333
743,aleatorio,0.0,0.0
744,aleatorio,0.2,0.1
745,aleatorio,0.8,0.22000000000000003
746,aleatorio,0.4,0.09
747,aleatorio,0.8,0.24999999999999994
748,aleatorio,0.6,0.36666666666666664
749,aleatorio,0.6,0.12000000000000002
750,aleatorio,0.4,0.13333333333333333
751,aleatorio,0.2,0.04
752,aleatorio,0.8,0.4066666666666666
753,aleatorio,1.0,0.27999999999999997
754,aleatorio,1.0,0.23666666666666666
755,aleatorio,0.6,0.18
756,aleatorio,0.4,0.13999999999999999
757,aleatorio,0.8,0.17
758,aleatorio,1.0,0.26
759,aleatorio,0.4,0.10666666666666666
760,aleatorio,1.0,0.27
761,aleatorio,0.2,0.04
762,aleatorio,0.8,0.18
763,aleatorio,0.6,0.16666666666666666
764,aleatorio,0.8,0.17
765,aleatorio,0.6,0.36666666666666664
766,aleatorio,0.8,0.21999999999999997
767,aleatorio,0.8,0.19666666666666668
768,aleatorio,1.0,0.5666666666666667
769,aleatorio,0.6,0.15666666666666668
770,aleatorio,0.6,0.17333333333333334
771,aleatorio,0.4,0.09
772,aleatorio,1.0,0.21000000000000002
773,aleatorio,1.0,0.29999999999999993
774,aleatorio,0.8,0.22999999999999998
775,aleatorio,1.0,0.2533333333333333
776,aleatorio,0.8,0.16
777,aleatorio,0.4,0.08
778,aleatorio,0.8,0.3
779,aleatorio,0.8,0.3466666666666666
780,aleatorio,0.8,0.29999999999999993
781,aleatorio,0.0,0.0
782,aleatorio,0.8,0.32333333333333336
783,aleatorio,0.8,0.17
784,aleatorio,0.8,0.2333333333333333
785,aleatorio,0.8,0.36666666666666664
786,aleatorio,0.8,0.2233333333333333
787,aleatorio,1.0,0.4666666666666666
788,aleatorio,0.4,0.2
789,aleatorio,1.0,0.31666666666666665
790,aleatorio,0.6,0.13
791,aleatorio,0.8,0.4066666666666666
792,aleatorio,0.6,0.1833333333333333
793,aleatorio,0.6,0.15
794,aleatorio,0.8,0.18666666666666668
795,aleatorio,0.4,0.18333333333333332
796,aleatorio,0.2,0.1
797,aleatorio,0.6,0.12000000000000002
798,aleatorio,0.8,0.33999999999999997
799,aleatorio,0.2,0.04
800,aleatorio,0.0,0.0
801,aleatorio,1.0,0.26666666666666666
802,aleatorio,0.8,0.3833333333333333
803,aleatorio,1.0,0.2966666666666667
804,aleatorio,0.4,0.15
805,aleatorio,1.0,0.29333333333333333
806,aleatorio,0.8,0.19666666666666668
807,aleatorio,0.4,0.09
808,aleatorio,0.2,0.06666666666666667
809,aleatorio,0.6,0.24
810,aleatorio,0.8,0.22999999999999998
811,aleatorio,0.8,0.25666666666666665
812,aleatorio,0.8,0.3333333333333333
813,aleatorio,0.6,0.12000000000000002
814,aleatorio,1.0,0.39
815,aleatorio,0.8,0.33999999999999997
816,aleatorio,0.0,0.0
817,aleatorio,1.0,0.35
818,aleatorio,0.8,0.3333333333333333
819,aleatorio,0.6,0.12000000000000002
820,aleatorio,0.8,0.30666666666666664
821,aleatorio,1.0,0.22999999999999998
822,aleatorio,0.2,0.04
823,aleatorio,0.8,0.22999999999999998
824,aleatorio,0.8,0.26666666666666666
825,aleatorio,0.8,0.29999999999999993
826,aleatorio,0.8,0.31666666666666665
827,aleatorio,1.0,0.42000000000000004
828,aleatorio,0.4,0.09
829,aleatorio,0.4,0.26666666666666666
830,aleatorio,1.0,0.4
831,aleatorio,1.0,0.31333333333333335
832,aleatorio,0.8,0.21666666666666665
833,aleatorio,1.0,0.32999999999999996
834,aleatorio,1.0,0.22000000000000003
835,aleatorio,0.0,0.0
836,aleatorio,0.8,0.24666666666666665
837,aleatorio,0.4,0.16666666666666666
838,aleatorio,0.4,0.13333333333333333
839,aleatorio,0.6,0.18
840,aleatorio,0.0,0.0
841,aleatorio,0.4,0.13333333333333333
842,aleatorio,0.4,0.16666666666666666
843,aleatorio,0.4,0.08
844,aleatorio,0.2,0.05
845,aleatorio,0.8,0.26666666666666666
846,aleatorio,0.2,0.05
847,aleatorio,0.2,0.04
848,aleatorio,0.2,0.1
849,aleatorio,0.6,0.12000000000000002
850,aleatorio,0.8,0.25666666666666665
851,aleatorio,1.0,0.26999999999999996
852,aleatorio,0.6,0.25
853,aleatorio,0.4,0.2
854,aleatorio,0.8,0.21999999999999997
855,aleatorio,0.2,0.1
856,aleatorio,0.4,0.08
857,aleatorio,0.8,0.21666666666666665
858,aleatorio,0.8,0.16
859,aleatorio,0.8,0.19
860,aleatorio,0.6,0.13
861,aleatorio,0.0,0.0
862,aleatorio,0.8,0.29
863,aleatorio,0.8,0.3
864,aleatorio,1.0,0.35666666666666663
865,aleatorio,0.6,0.18
866,aleatorio,1.0,0.3
867,aleatorio,0.6,0.22333333333333333
868,aleatorio,0.8,0.4666666666666666
869,aleatorio,0.4,0.1
870,aleatorio,0.8,0.19666666666666668
871,aleatorio,0.8,0.19666666666666668
872,aleatorio,1.0,0.3333333333333333
873,aleatorio,0.6,0.19
874,aleatorio,0.6,0.14666666666666667
875,aleatorio,0.4,0.13999999999999999
876,aleatorio,0.0,0.0
877,aleatorio,0.6,0.12000000000000002
878,aleatorio,0.6,0.12000000000000002
879,aleatorio,1.0,0.45
880,aleatorio,0.6,0.2333333333333333
881,aleatorio,1.0,0.3333333333333333
882,aleatorio,0.6,0.26666666666666666
883,aleatorio,0.8,0.3333333333333333
884,aleatorio,1.0,0.33999999999999997
885,aleatorio,0.6,0.2733333333333333
886,aleatorio,0.8,0.26666666666666666
887,aleatorio,0.4,0.08
888,aleatorio,0.6,0.19
889,aleatorio,0.8,0.29
890,aleatorio,0.6,0.13
891,aleatorio,0.6,0.19
892,aleatorio,0.8,0.17
893,aleatorio,1.0,0.29
894,aleatorio,0.6,0.16666666666666666
895,aleatorio,0.8,0.2833333333333333
896,aleatorio,1.0,0.43
897,aleatorio,0.6,0.2833333333333333
898,aleatorio,0.8,0.22999999999999998
899,aleatorio,0.0,0.0
900,aleatorio,0.0,0.0
901,aleatorio,1.0,0.3
902,aleatorio,0.6,0.12000000000000002
903,aleatorio,0.4,0.10666666666666666
904,aleatorio,1.0,0.3333333333333333
905,aleatorio,0.4,0.13333333333333333
906,aleatorio,0.2,0.04
907,aleatorio,0.6,0.13999999999999999
908,aleatorio,0.6,0.13999999999999999
909,aleatorio,0.4,0.08
910,aleatorio,0.6,0.20666666666666664
911,aleatorio,0.8,0.19666666666666668
912,aleatorio,0.4,0.09
913,aleatorio,0.8,0.25
914,aleatorio,0.2,0.04
915,aleatorio,0.8,0.22999999999999998
916,aleatorio,0.8,0.4666666666666666
917,aleatorio,0.4,0.13333333333333333
918,aleatorio,0.6,0.14666666666666667
919,aleatorio,0.0,0.0
920,aleatorio,0.0,0.0
921,aleatorio,1.0,0.2866666666666666
922,aleatorio,0.8,0.31999999999999995
923,aleatorio,0.8,0.26666666666666666
924,aleatorio,0.6,0.14666666666666667
925,aleatorio,0.8,0.17
926,aleatorio,0.8,0.2533333333333333
927,aleatorio,0.4,0.08
928,aleatorio,0.6,0.2833333333333333
929,aleatorio,0.6,0.13
930,aleatorio,1.0,0.22000000000000003
931,aleatorio,1.0,0.21000000000000002
932,aleatorio,0.2,0.04
933,aleatorio,0.8,0.3
934,aleatorio,0.6,0.2333333333333333
935,aleatorio,0.6,0.20666666666666664
936,aleatorio,1.0,0.38999999999999996
937,aleatorio,0.8,0.3333333333333333
938,aleatorio,0.6,0.29
939,aleatorio,1.0,0.4066666666666666
940,aleatorio,1.0,0.30666666666666664
941,aleatorio,0.6,0.36666666666666664
942,aleatorio,0.6,0.15666666666666668
943,aleatorio,0.4,0.09
944,aleatorio,0.8,0.25666666666666665
945,aleatorio,0.8,0.2333333333333333
946,aleatorio,1.0,0.39999999999999997
947,aleatorio,0.0,0.0
948,aleatorio,0.0,0.0
949,aleatorio,0.4,0.08
950,aleatorio,0.6,0.13999999999999999
951,aleatorio,0.2,0.1
952,aleatorio,0.8,0.18666666666666668
953,aleatorio,0.8,0.22999999999999998
954,aleatorio,0.4,0.08
955,aleatorio,0.4,0.1
956,aleatorio,0.0,0.0
957,aleatorio,1.0,0.32999999999999996
958,aleatorio,0.8,0.39
959,aleatorio,0.2,0.04
960,aleatorio,1.0,0.25999999999999995
961,aleatorio,0.2,0.05
962,aleatorio,0.8,0.3
963,aleatorio,0.4,0.2
964,aleatorio,1.0,0.23666666666666666
965,aleatorio,0.8,0.36666666666666664
966,aleatorio,1.0,0.2866666666666666
967,aleatorio,0.8,0.27999999999999997
968,aleatorio,0.6,0.13
969,aleatorio,0.2,0.06666666666666667
970,aleatorio,0.8,0.2
971,aleatorio,0.8,0.16
972,aleatorio,0.6,0.31666666666666665
973,aleatorio,0.4,0.1
974,aleatorio,0.6,0.15
975,aleatorio,1.0,0.26
976,aleatorio,0.4,0.08
977,aleatorio,0.2,0.05
978,aleatorio,0.8,0.2833333333333333
979,aleatorio,0.8,0.29
980,aleatorio,1.0,0.25999999999999995
981,aleatorio,1.0,0.3666666666666666
982,aleatorio,0.6,0.12000000000000002
983,aleatorio,0.2,0.04
984,aleatorio,0.2,0.04
985,aleatorio,0.6,0.12000000000000002
986,aleatorio,1.0,0.21999999999999997
987,aleatorio,0.8,0.22999999999999998
988,aleatorio,0.8,0.25
989,aleatorio,1.0,0.4
990,aleatorio,0.8,0.18
991,aleatorio,0.4,0.1
992,aleatorio,0.2,0.1
993,aleatorio,0.8,0.18
994,aleatorio,0.2,0.04
995,aleatorio,1.0,0.2866666666666667
996,aleatorio,1.0,0.35
997,aleatorio,0.6,0.15
998,aleatorio,0.6,0.16666666666666666
999,aleatorio,0.2,0.05
